Image_Id,image_path,mask_path
0,BraTS-GLI-00005-100-t1n_1.jpg,BraTS-GLI-00005-100-seg_1.jpg
1,BraTS-GLI-00005-100-t1n_2.jpg,BraTS-GLI-00005-100-seg_2.jpg
2,BraTS-GLI-00005-100-t1n_3.jpg,BraTS-GLI-00005-100-seg_3.jpg
3,BraTS-GLI-00005-101-t1n_1.jpg,BraTS-GLI-00005-101-seg_1.jpg
4,BraTS-GLI-00005-101-t1n_2.jpg,BraTS-GLI-00005-101-seg_2.jpg
5,BraTS-GLI-00005-101-t1n_3.jpg,BraTS-GLI-00005-101-seg_3.jpg
6,BraTS-GLI-00006-100-t1n_1.jpg,BraTS-GLI-00006-100-seg_1.jpg
7,BraTS-GLI-00006-100-t1n_2.jpg,BraTS-GLI-00006-100-seg_2.jpg
8,BraTS-GLI-00006-100-t1n_3.jpg,BraTS-GLI-00006-100-seg_3.jpg
9,BraTS-GLI-00006-101-t1n_1.jpg,BraTS-GLI-00006-101-seg_1.jpg
10,BraTS-GLI-00006-101-t1n_2.jpg,BraTS-GLI-00006-101-seg_2.jpg
11,BraTS-GLI-00006-101-t1n_3.jpg,BraTS-GLI-00006-101-seg_3.jpg
12,BraTS-GLI-00008-100-t1n_1.jpg,BraTS-GLI-00008-100-seg_1.jpg
13,BraTS-GLI-00008-100-t1n_2.jpg,BraTS-GLI-00008-100-seg_2.jpg
14,BraTS-GLI-00008-100-t1n_3.jpg,BraTS-GLI-00008-100-seg_3.jpg
15,BraTS-GLI-00008-101-t1n_1.jpg,BraTS-GLI-00008-101-seg_1.jpg
16,BraTS-GLI-00008-101-t1n_2.jpg,BraTS-GLI-00008-101-seg_2.jpg
17,BraTS-GLI-00008-101-t1n_3.jpg,BraTS-GLI-00008-101-seg_3.jpg
18,BraTS-GLI-00008-102-t1n_1.jpg,BraTS-GLI-00008-102-seg_1.jpg
19,BraTS-GLI-00008-102-t1n_2.jpg,BraTS-GLI-00008-102-seg_2.jpg
20,BraTS-GLI-00008-102-t1n_3.jpg,BraTS-GLI-00008-102-seg_3.jpg
21,BraTS-GLI-00008-103-t1n_1.jpg,BraTS-GLI-00008-103-seg_1.jpg
22,BraTS-GLI-00008-103-t1n_2.jpg,BraTS-GLI-00008-103-seg_2.jpg
23,BraTS-GLI-00008-103-t1n_3.jpg,BraTS-GLI-00008-103-seg_3.jpg
24,BraTS-GLI-00009-100-t1n_1.jpg,BraTS-GLI-00009-100-seg_1.jpg
25,BraTS-GLI-00009-100-t1n_2.jpg,BraTS-GLI-00009-100-seg_2.jpg
26,BraTS-GLI-00009-100-t1n_3.jpg,BraTS-GLI-00009-100-seg_3.jpg
27,BraTS-GLI-00009-101-t1n_1.jpg,BraTS-GLI-00009-101-seg_1.jpg
28,BraTS-GLI-00009-101-t1n_2.jpg,BraTS-GLI-00009-101-seg_2.jpg
29,BraTS-GLI-00009-101-t1n_3.jpg,BraTS-GLI-00009-101-seg_3.jpg
30,BraTS-GLI-00020-100-t1n_1.jpg,BraTS-GLI-00020-100-seg_1.jpg
31,BraTS-GLI-00020-100-t1n_2.jpg,BraTS-GLI-00020-100-seg_2.jpg
32,BraTS-GLI-00020-100-t1n_3.jpg,BraTS-GLI-00020-100-seg_3.jpg
33,BraTS-GLI-00020-101-t1n_1.jpg,BraTS-GLI-00020-101-seg_1.jpg
34,BraTS-GLI-00020-101-t1n_2.jpg,BraTS-GLI-00020-101-seg_2.jpg
35,BraTS-GLI-00020-101-t1n_3.jpg,BraTS-GLI-00020-101-seg_3.jpg
36,BraTS-GLI-00027-100-t1n_1.jpg,BraTS-GLI-00027-100-seg_1.jpg
37,BraTS-GLI-00027-100-t1n_2.jpg,BraTS-GLI-00027-100-seg_2.jpg
38,BraTS-GLI-00027-100-t1n_3.jpg,BraTS-GLI-00027-100-seg_3.jpg
39,BraTS-GLI-00027-101-t1n_1.jpg,BraTS-GLI-00027-101-seg_1.jpg
40,BraTS-GLI-00027-101-t1n_2.jpg,BraTS-GLI-00027-101-seg_2.jpg
41,BraTS-GLI-00027-101-t1n_3.jpg,BraTS-GLI-00027-101-seg_3.jpg
42,BraTS-GLI-00033-100-t1n_1.jpg,BraTS-GLI-00033-100-seg_1.jpg
43,BraTS-GLI-00033-100-t1n_2.jpg,BraTS-GLI-00033-100-seg_2.jpg
44,BraTS-GLI-00033-100-t1n_3.jpg,BraTS-GLI-00033-100-seg_3.jpg
45,BraTS-GLI-00033-101-t1n_1.jpg,BraTS-GLI-00033-101-seg_1.jpg
46,BraTS-GLI-00033-101-t1n_2.jpg,BraTS-GLI-00033-101-seg_2.jpg
47,BraTS-GLI-00033-101-t1n_3.jpg,BraTS-GLI-00033-101-seg_3.jpg
48,BraTS-GLI-00046-100-t1n_1.jpg,BraTS-GLI-00046-100-seg_1.jpg
49,BraTS-GLI-00046-100-t1n_2.jpg,BraTS-GLI-00046-100-seg_2.jpg
50,BraTS-GLI-00046-100-t1n_3.jpg,BraTS-GLI-00046-100-seg_3.jpg
51,BraTS-GLI-00046-101-t1n_1.jpg,BraTS-GLI-00046-101-seg_1.jpg
52,BraTS-GLI-00046-101-t1n_2.jpg,BraTS-GLI-00046-101-seg_2.jpg
53,BraTS-GLI-00046-101-t1n_3.jpg,BraTS-GLI-00046-101-seg_3.jpg
54,BraTS-GLI-00060-100-t1n_1.jpg,BraTS-GLI-00060-100-seg_1.jpg
55,BraTS-GLI-00060-100-t1n_2.jpg,BraTS-GLI-00060-100-seg_2.jpg
56,BraTS-GLI-00060-100-t1n_3.jpg,BraTS-GLI-00060-100-seg_3.jpg
57,BraTS-GLI-00060-101-t1n_1.jpg,BraTS-GLI-00060-101-seg_1.jpg
58,BraTS-GLI-00060-101-t1n_2.jpg,BraTS-GLI-00060-101-seg_2.jpg
59,BraTS-GLI-00060-101-t1n_3.jpg,BraTS-GLI-00060-101-seg_3.jpg
60,BraTS-GLI-00063-100-t1n_1.jpg,BraTS-GLI-00063-100-seg_1.jpg
61,BraTS-GLI-00063-100-t1n_2.jpg,BraTS-GLI-00063-100-seg_2.jpg
62,BraTS-GLI-00063-100-t1n_3.jpg,BraTS-GLI-00063-100-seg_3.jpg
63,BraTS-GLI-00063-101-t1n_1.jpg,BraTS-GLI-00063-101-seg_1.jpg
64,BraTS-GLI-00063-101-t1n_2.jpg,BraTS-GLI-00063-101-seg_2.jpg
65,BraTS-GLI-00063-101-t1n_3.jpg,BraTS-GLI-00063-101-seg_3.jpg
66,BraTS-GLI-00078-100-t1n_1.jpg,BraTS-GLI-00078-100-seg_1.jpg
67,BraTS-GLI-00078-100-t1n_2.jpg,BraTS-GLI-00078-100-seg_2.jpg
68,BraTS-GLI-00078-100-t1n_3.jpg,BraTS-GLI-00078-100-seg_3.jpg
69,BraTS-GLI-00078-101-t1n_1.jpg,BraTS-GLI-00078-101-seg_1.jpg
70,BraTS-GLI-00078-101-t1n_2.jpg,BraTS-GLI-00078-101-seg_2.jpg
71,BraTS-GLI-00078-101-t1n_3.jpg,BraTS-GLI-00078-101-seg_3.jpg
72,BraTS-GLI-00080-100-t1n_1.jpg,BraTS-GLI-00080-100-seg_1.jpg
73,BraTS-GLI-00080-100-t1n_2.jpg,BraTS-GLI-00080-100-seg_2.jpg
74,BraTS-GLI-00080-100-t1n_3.jpg,BraTS-GLI-00080-100-seg_3.jpg
75,BraTS-GLI-00080-101-t1n_1.jpg,BraTS-GLI-00080-101-seg_1.jpg
76,BraTS-GLI-00080-101-t1n_2.jpg,BraTS-GLI-00080-101-seg_2.jpg
77,BraTS-GLI-00080-101-t1n_3.jpg,BraTS-GLI-00080-101-seg_3.jpg
78,BraTS-GLI-00085-100-t1n_1.jpg,BraTS-GLI-00085-100-seg_1.jpg
79,BraTS-GLI-00085-100-t1n_2.jpg,BraTS-GLI-00085-100-seg_2.jpg
80,BraTS-GLI-00085-100-t1n_3.jpg,BraTS-GLI-00085-100-seg_3.jpg
81,BraTS-GLI-00085-101-t1n_1.jpg,BraTS-GLI-00085-101-seg_1.jpg
82,BraTS-GLI-00085-101-t1n_2.jpg,BraTS-GLI-00085-101-seg_2.jpg
83,BraTS-GLI-00085-101-t1n_3.jpg,BraTS-GLI-00085-101-seg_3.jpg
84,BraTS-GLI-00096-100-t1n_1.jpg,BraTS-GLI-00096-100-seg_1.jpg
85,BraTS-GLI-00096-100-t1n_2.jpg,BraTS-GLI-00096-100-seg_2.jpg
86,BraTS-GLI-00096-100-t1n_3.jpg,BraTS-GLI-00096-100-seg_3.jpg
87,BraTS-GLI-00096-101-t1n_1.jpg,BraTS-GLI-00096-101-seg_1.jpg
88,BraTS-GLI-00096-101-t1n_2.jpg,BraTS-GLI-00096-101-seg_2.jpg
89,BraTS-GLI-00096-101-t1n_3.jpg,BraTS-GLI-00096-101-seg_3.jpg
90,BraTS-GLI-00463-100-t1n_1.jpg,BraTS-GLI-00463-100-seg_1.jpg
91,BraTS-GLI-00463-100-t1n_2.jpg,BraTS-GLI-00463-100-seg_2.jpg
92,BraTS-GLI-00463-100-t1n_3.jpg,BraTS-GLI-00463-100-seg_3.jpg
93,BraTS-GLI-00463-101-t1n_1.jpg,BraTS-GLI-00463-101-seg_1.jpg
94,BraTS-GLI-00463-101-t1n_2.jpg,BraTS-GLI-00463-101-seg_2.jpg
95,BraTS-GLI-00463-101-t1n_3.jpg,BraTS-GLI-00463-101-seg_3.jpg
96,BraTS-GLI-00469-100-t1n_1.jpg,BraTS-GLI-00469-100-seg_1.jpg
97,BraTS-GLI-00469-100-t1n_2.jpg,BraTS-GLI-00469-100-seg_2.jpg
98,BraTS-GLI-00469-100-t1n_3.jpg,BraTS-GLI-00469-100-seg_3.jpg
99,BraTS-GLI-00469-101-t1n_1.jpg,BraTS-GLI-00469-101-seg_1.jpg
100,BraTS-GLI-00469-101-t1n_2.jpg,BraTS-GLI-00469-101-seg_2.jpg
101,BraTS-GLI-00469-101-t1n_3.jpg,BraTS-GLI-00469-101-seg_3.jpg
102,BraTS-GLI-00472-100-t1n_1.jpg,BraTS-GLI-00472-100-seg_1.jpg
103,BraTS-GLI-00472-100-t1n_2.jpg,BraTS-GLI-00472-100-seg_2.jpg
104,BraTS-GLI-00472-100-t1n_3.jpg,BraTS-GLI-00472-100-seg_3.jpg
105,BraTS-GLI-00472-101-t1n_1.jpg,BraTS-GLI-00472-101-seg_1.jpg
106,BraTS-GLI-00472-101-t1n_2.jpg,BraTS-GLI-00472-101-seg_2.jpg
107,BraTS-GLI-00472-101-t1n_3.jpg,BraTS-GLI-00472-101-seg_3.jpg
108,BraTS-GLI-00483-100-t1n_1.jpg,BraTS-GLI-00483-100-seg_1.jpg
109,BraTS-GLI-00483-100-t1n_2.jpg,BraTS-GLI-00483-100-seg_2.jpg
110,BraTS-GLI-00483-100-t1n_3.jpg,BraTS-GLI-00483-100-seg_3.jpg
111,BraTS-GLI-00483-101-t1n_1.jpg,BraTS-GLI-00483-101-seg_1.jpg
112,BraTS-GLI-00483-101-t1n_2.jpg,BraTS-GLI-00483-101-seg_2.jpg
113,BraTS-GLI-00483-101-t1n_3.jpg,BraTS-GLI-00483-101-seg_3.jpg
114,BraTS-GLI-00485-100-t1n_1.jpg,BraTS-GLI-00485-100-seg_1.jpg
115,BraTS-GLI-00485-100-t1n_2.jpg,BraTS-GLI-00485-100-seg_2.jpg
116,BraTS-GLI-00485-100-t1n_3.jpg,BraTS-GLI-00485-100-seg_3.jpg
117,BraTS-GLI-00485-101-t1n_1.jpg,BraTS-GLI-00485-101-seg_1.jpg
118,BraTS-GLI-00485-101-t1n_2.jpg,BraTS-GLI-00485-101-seg_2.jpg
119,BraTS-GLI-00485-101-t1n_3.jpg,BraTS-GLI-00485-101-seg_3.jpg
120,BraTS-GLI-00491-100-t1n_1.jpg,BraTS-GLI-00491-100-seg_1.jpg
121,BraTS-GLI-00491-100-t1n_2.jpg,BraTS-GLI-00491-100-seg_2.jpg
122,BraTS-GLI-00491-100-t1n_3.jpg,BraTS-GLI-00491-100-seg_3.jpg
123,BraTS-GLI-00491-101-t1n_1.jpg,BraTS-GLI-00491-101-seg_1.jpg
124,BraTS-GLI-00491-101-t1n_2.jpg,BraTS-GLI-00491-101-seg_2.jpg
125,BraTS-GLI-00491-101-t1n_3.jpg,BraTS-GLI-00491-101-seg_3.jpg
126,BraTS-GLI-00498-100-t1n_1.jpg,BraTS-GLI-00498-100-seg_1.jpg
127,BraTS-GLI-00498-100-t1n_2.jpg,BraTS-GLI-00498-100-seg_2.jpg
128,BraTS-GLI-00498-100-t1n_3.jpg,BraTS-GLI-00498-100-seg_3.jpg
129,BraTS-GLI-00498-101-t1n_1.jpg,BraTS-GLI-00498-101-seg_1.jpg
130,BraTS-GLI-00498-101-t1n_2.jpg,BraTS-GLI-00498-101-seg_2.jpg
131,BraTS-GLI-00498-101-t1n_3.jpg,BraTS-GLI-00498-101-seg_3.jpg
132,BraTS-GLI-00505-100-t1n_1.jpg,BraTS-GLI-00505-100-seg_1.jpg
133,BraTS-GLI-00505-100-t1n_2.jpg,BraTS-GLI-00505-100-seg_2.jpg
134,BraTS-GLI-00505-100-t1n_3.jpg,BraTS-GLI-00505-100-seg_3.jpg
135,BraTS-GLI-00505-101-t1n_1.jpg,BraTS-GLI-00505-101-seg_1.jpg
136,BraTS-GLI-00505-101-t1n_2.jpg,BraTS-GLI-00505-101-seg_2.jpg
137,BraTS-GLI-00505-101-t1n_3.jpg,BraTS-GLI-00505-101-seg_3.jpg
138,BraTS-GLI-00506-100-t1n_1.jpg,BraTS-GLI-00506-100-seg_1.jpg
139,BraTS-GLI-00506-100-t1n_2.jpg,BraTS-GLI-00506-100-seg_2.jpg
140,BraTS-GLI-00506-100-t1n_3.jpg,BraTS-GLI-00506-100-seg_3.jpg
141,BraTS-GLI-00506-101-t1n_1.jpg,BraTS-GLI-00506-101-seg_1.jpg
142,BraTS-GLI-00506-101-t1n_2.jpg,BraTS-GLI-00506-101-seg_2.jpg
143,BraTS-GLI-00506-101-t1n_3.jpg,BraTS-GLI-00506-101-seg_3.jpg
144,BraTS-GLI-00507-100-t1n_1.jpg,BraTS-GLI-00507-100-seg_1.jpg
145,BraTS-GLI-00507-100-t1n_2.jpg,BraTS-GLI-00507-100-seg_2.jpg
146,BraTS-GLI-00507-100-t1n_3.jpg,BraTS-GLI-00507-100-seg_3.jpg
147,BraTS-GLI-00507-101-t1n_1.jpg,BraTS-GLI-00507-101-seg_1.jpg
148,BraTS-GLI-00507-101-t1n_2.jpg,BraTS-GLI-00507-101-seg_2.jpg
149,BraTS-GLI-00507-101-t1n_3.jpg,BraTS-GLI-00507-101-seg_3.jpg
150,BraTS-GLI-00511-100-t1n_1.jpg,BraTS-GLI-00511-100-seg_1.jpg
151,BraTS-GLI-00511-100-t1n_2.jpg,BraTS-GLI-00511-100-seg_2.jpg
152,BraTS-GLI-00511-100-t1n_3.jpg,BraTS-GLI-00511-100-seg_3.jpg
153,BraTS-GLI-00511-101-t1n_1.jpg,BraTS-GLI-00511-101-seg_1.jpg
154,BraTS-GLI-00511-101-t1n_2.jpg,BraTS-GLI-00511-101-seg_2.jpg
155,BraTS-GLI-00511-101-t1n_3.jpg,BraTS-GLI-00511-101-seg_3.jpg
156,BraTS-GLI-00512-100-t1n_1.jpg,BraTS-GLI-00512-100-seg_1.jpg
157,BraTS-GLI-00512-100-t1n_2.jpg,BraTS-GLI-00512-100-seg_2.jpg
158,BraTS-GLI-00512-100-t1n_3.jpg,BraTS-GLI-00512-100-seg_3.jpg
159,BraTS-GLI-00512-101-t1n_1.jpg,BraTS-GLI-00512-101-seg_1.jpg
160,BraTS-GLI-00512-101-t1n_2.jpg,BraTS-GLI-00512-101-seg_2.jpg
161,BraTS-GLI-00512-101-t1n_3.jpg,BraTS-GLI-00512-101-seg_3.jpg
162,BraTS-GLI-00517-100-t1n_1.jpg,BraTS-GLI-00517-100-seg_1.jpg
163,BraTS-GLI-00517-100-t1n_2.jpg,BraTS-GLI-00517-100-seg_2.jpg
164,BraTS-GLI-00517-100-t1n_3.jpg,BraTS-GLI-00517-100-seg_3.jpg
165,BraTS-GLI-00517-101-t1n_1.jpg,BraTS-GLI-00517-101-seg_1.jpg
166,BraTS-GLI-00517-101-t1n_2.jpg,BraTS-GLI-00517-101-seg_2.jpg
167,BraTS-GLI-00517-101-t1n_3.jpg,BraTS-GLI-00517-101-seg_3.jpg
168,BraTS-GLI-00518-100-t1n_1.jpg,BraTS-GLI-00518-100-seg_1.jpg
169,BraTS-GLI-00518-100-t1n_2.jpg,BraTS-GLI-00518-100-seg_2.jpg
170,BraTS-GLI-00518-100-t1n_3.jpg,BraTS-GLI-00518-100-seg_3.jpg
171,BraTS-GLI-00518-101-t1n_1.jpg,BraTS-GLI-00518-101-seg_1.jpg
172,BraTS-GLI-00518-101-t1n_2.jpg,BraTS-GLI-00518-101-seg_2.jpg
173,BraTS-GLI-00518-101-t1n_3.jpg,BraTS-GLI-00518-101-seg_3.jpg
174,BraTS-GLI-00528-100-t1n_1.jpg,BraTS-GLI-00528-100-seg_1.jpg
175,BraTS-GLI-00528-100-t1n_2.jpg,BraTS-GLI-00528-100-seg_2.jpg
176,BraTS-GLI-00528-100-t1n_3.jpg,BraTS-GLI-00528-100-seg_3.jpg
177,BraTS-GLI-00528-101-t1n_1.jpg,BraTS-GLI-00528-101-seg_1.jpg
178,BraTS-GLI-00528-101-t1n_2.jpg,BraTS-GLI-00528-101-seg_2.jpg
179,BraTS-GLI-00528-101-t1n_3.jpg,BraTS-GLI-00528-101-seg_3.jpg
180,BraTS-GLI-00529-100-t1n_1.jpg,BraTS-GLI-00529-100-seg_1.jpg
181,BraTS-GLI-00529-100-t1n_2.jpg,BraTS-GLI-00529-100-seg_2.jpg
182,BraTS-GLI-00529-100-t1n_3.jpg,BraTS-GLI-00529-100-seg_3.jpg
183,BraTS-GLI-00529-101-t1n_1.jpg,BraTS-GLI-00529-101-seg_1.jpg
184,BraTS-GLI-00529-101-t1n_2.jpg,BraTS-GLI-00529-101-seg_2.jpg
185,BraTS-GLI-00529-101-t1n_3.jpg,BraTS-GLI-00529-101-seg_3.jpg
186,BraTS-GLI-00533-100-t1n_1.jpg,BraTS-GLI-00533-100-seg_1.jpg
187,BraTS-GLI-00533-100-t1n_2.jpg,BraTS-GLI-00533-100-seg_2.jpg
188,BraTS-GLI-00533-100-t1n_3.jpg,BraTS-GLI-00533-100-seg_3.jpg
189,BraTS-GLI-00533-101-t1n_1.jpg,BraTS-GLI-00533-101-seg_1.jpg
190,BraTS-GLI-00533-101-t1n_2.jpg,BraTS-GLI-00533-101-seg_2.jpg
191,BraTS-GLI-00533-101-t1n_3.jpg,BraTS-GLI-00533-101-seg_3.jpg
192,BraTS-GLI-00543-100-t1n_1.jpg,BraTS-GLI-00543-100-seg_1.jpg
193,BraTS-GLI-00543-100-t1n_2.jpg,BraTS-GLI-00543-100-seg_2.jpg
194,BraTS-GLI-00543-100-t1n_3.jpg,BraTS-GLI-00543-100-seg_3.jpg
195,BraTS-GLI-00543-101-t1n_1.jpg,BraTS-GLI-00543-101-seg_1.jpg
196,BraTS-GLI-00543-101-t1n_2.jpg,BraTS-GLI-00543-101-seg_2.jpg
197,BraTS-GLI-00543-101-t1n_3.jpg,BraTS-GLI-00543-101-seg_3.jpg
198,BraTS-GLI-00547-100-t1n_1.jpg,BraTS-GLI-00547-100-seg_1.jpg
199,BraTS-GLI-00547-100-t1n_2.jpg,BraTS-GLI-00547-100-seg_2.jpg
200,BraTS-GLI-00547-100-t1n_3.jpg,BraTS-GLI-00547-100-seg_3.jpg
201,BraTS-GLI-00547-101-t1n_1.jpg,BraTS-GLI-00547-101-seg_1.jpg
202,BraTS-GLI-00547-101-t1n_2.jpg,BraTS-GLI-00547-101-seg_2.jpg
203,BraTS-GLI-00547-101-t1n_3.jpg,BraTS-GLI-00547-101-seg_3.jpg
204,BraTS-GLI-00548-100-t1n_1.jpg,BraTS-GLI-00548-100-seg_1.jpg
205,BraTS-GLI-00548-100-t1n_2.jpg,BraTS-GLI-00548-100-seg_2.jpg
206,BraTS-GLI-00548-100-t1n_3.jpg,BraTS-GLI-00548-100-seg_3.jpg
207,BraTS-GLI-00548-101-t1n_1.jpg,BraTS-GLI-00548-101-seg_1.jpg
208,BraTS-GLI-00548-101-t1n_2.jpg,BraTS-GLI-00548-101-seg_2.jpg
209,BraTS-GLI-00548-101-t1n_3.jpg,BraTS-GLI-00548-101-seg_3.jpg
210,BraTS-GLI-00549-100-t1n_1.jpg,BraTS-GLI-00549-100-seg_1.jpg
211,BraTS-GLI-00549-100-t1n_2.jpg,BraTS-GLI-00549-100-seg_2.jpg
212,BraTS-GLI-00549-100-t1n_3.jpg,BraTS-GLI-00549-100-seg_3.jpg
213,BraTS-GLI-00549-101-t1n_1.jpg,BraTS-GLI-00549-101-seg_1.jpg
214,BraTS-GLI-00549-101-t1n_2.jpg,BraTS-GLI-00549-101-seg_2.jpg
215,BraTS-GLI-00549-101-t1n_3.jpg,BraTS-GLI-00549-101-seg_3.jpg
216,BraTS-GLI-00553-100-t1n_1.jpg,BraTS-GLI-00553-100-seg_1.jpg
217,BraTS-GLI-00553-100-t1n_2.jpg,BraTS-GLI-00553-100-seg_2.jpg
218,BraTS-GLI-00553-100-t1n_3.jpg,BraTS-GLI-00553-100-seg_3.jpg
219,BraTS-GLI-00553-101-t1n_1.jpg,BraTS-GLI-00553-101-seg_1.jpg
220,BraTS-GLI-00553-101-t1n_2.jpg,BraTS-GLI-00553-101-seg_2.jpg
221,BraTS-GLI-00553-101-t1n_3.jpg,BraTS-GLI-00553-101-seg_3.jpg
222,BraTS-GLI-00556-100-t1n_1.jpg,BraTS-GLI-00556-100-seg_1.jpg
223,BraTS-GLI-00556-100-t1n_2.jpg,BraTS-GLI-00556-100-seg_2.jpg
224,BraTS-GLI-00556-100-t1n_3.jpg,BraTS-GLI-00556-100-seg_3.jpg
225,BraTS-GLI-00556-101-t1n_1.jpg,BraTS-GLI-00556-101-seg_1.jpg
226,BraTS-GLI-00556-101-t1n_2.jpg,BraTS-GLI-00556-101-seg_2.jpg
227,BraTS-GLI-00556-101-t1n_3.jpg,BraTS-GLI-00556-101-seg_3.jpg
228,BraTS-GLI-00557-100-t1n_1.jpg,BraTS-GLI-00557-100-seg_1.jpg
229,BraTS-GLI-00557-100-t1n_2.jpg,BraTS-GLI-00557-100-seg_2.jpg
230,BraTS-GLI-00557-100-t1n_3.jpg,BraTS-GLI-00557-100-seg_3.jpg
231,BraTS-GLI-00557-101-t1n_1.jpg,BraTS-GLI-00557-101-seg_1.jpg
232,BraTS-GLI-00557-101-t1n_2.jpg,BraTS-GLI-00557-101-seg_2.jpg
233,BraTS-GLI-00557-101-t1n_3.jpg,BraTS-GLI-00557-101-seg_3.jpg
234,BraTS-GLI-02060-100-t1n_1.jpg,BraTS-GLI-02060-100-seg_1.jpg
235,BraTS-GLI-02060-100-t1n_2.jpg,BraTS-GLI-02060-100-seg_2.jpg
236,BraTS-GLI-02060-100-t1n_3.jpg,BraTS-GLI-02060-100-seg_3.jpg
237,BraTS-GLI-02060-101-t1n_1.jpg,BraTS-GLI-02060-101-seg_1.jpg
238,BraTS-GLI-02060-101-t1n_2.jpg,BraTS-GLI-02060-101-seg_2.jpg
239,BraTS-GLI-02060-101-t1n_3.jpg,BraTS-GLI-02060-101-seg_3.jpg
240,BraTS-GLI-02061-100-t1n_1.jpg,BraTS-GLI-02061-100-seg_1.jpg
241,BraTS-GLI-02061-100-t1n_2.jpg,BraTS-GLI-02061-100-seg_2.jpg
242,BraTS-GLI-02061-100-t1n_3.jpg,BraTS-GLI-02061-100-seg_3.jpg
243,BraTS-GLI-02061-101-t1n_1.jpg,BraTS-GLI-02061-101-seg_1.jpg
244,BraTS-GLI-02061-101-t1n_2.jpg,BraTS-GLI-02061-101-seg_2.jpg
245,BraTS-GLI-02061-101-t1n_3.jpg,BraTS-GLI-02061-101-seg_3.jpg
246,BraTS-GLI-02061-102-t1n_1.jpg,BraTS-GLI-02061-102-seg_1.jpg
247,BraTS-GLI-02061-102-t1n_2.jpg,BraTS-GLI-02061-102-seg_2.jpg
248,BraTS-GLI-02061-102-t1n_3.jpg,BraTS-GLI-02061-102-seg_3.jpg
249,BraTS-GLI-02061-103-t1n_1.jpg,BraTS-GLI-02061-103-seg_1.jpg
250,BraTS-GLI-02061-103-t1n_2.jpg,BraTS-GLI-02061-103-seg_2.jpg
251,BraTS-GLI-02061-103-t1n_3.jpg,BraTS-GLI-02061-103-seg_3.jpg
252,BraTS-GLI-02062-100-t1n_1.jpg,BraTS-GLI-02062-100-seg_1.jpg
253,BraTS-GLI-02062-100-t1n_2.jpg,BraTS-GLI-02062-100-seg_2.jpg
254,BraTS-GLI-02062-100-t1n_3.jpg,BraTS-GLI-02062-100-seg_3.jpg
255,BraTS-GLI-02062-101-t1n_1.jpg,BraTS-GLI-02062-101-seg_1.jpg
256,BraTS-GLI-02062-101-t1n_2.jpg,BraTS-GLI-02062-101-seg_2.jpg
257,BraTS-GLI-02062-101-t1n_3.jpg,BraTS-GLI-02062-101-seg_3.jpg
258,BraTS-GLI-02062-102-t1n_1.jpg,BraTS-GLI-02062-102-seg_1.jpg
259,BraTS-GLI-02062-102-t1n_2.jpg,BraTS-GLI-02062-102-seg_2.jpg
260,BraTS-GLI-02062-102-t1n_3.jpg,BraTS-GLI-02062-102-seg_3.jpg
261,BraTS-GLI-02062-103-t1n_1.jpg,BraTS-GLI-02062-103-seg_1.jpg
262,BraTS-GLI-02062-103-t1n_2.jpg,BraTS-GLI-02062-103-seg_2.jpg
263,BraTS-GLI-02062-103-t1n_3.jpg,BraTS-GLI-02062-103-seg_3.jpg
264,BraTS-GLI-02062-104-t1n_1.jpg,BraTS-GLI-02062-104-seg_1.jpg
265,BraTS-GLI-02062-104-t1n_2.jpg,BraTS-GLI-02062-104-seg_2.jpg
266,BraTS-GLI-02062-104-t1n_3.jpg,BraTS-GLI-02062-104-seg_3.jpg
267,BraTS-GLI-02062-105-t1n_1.jpg,BraTS-GLI-02062-105-seg_1.jpg
268,BraTS-GLI-02062-105-t1n_2.jpg,BraTS-GLI-02062-105-seg_2.jpg
269,BraTS-GLI-02062-105-t1n_3.jpg,BraTS-GLI-02062-105-seg_3.jpg
270,BraTS-GLI-02063-100-t1n_1.jpg,BraTS-GLI-02063-100-seg_1.jpg
271,BraTS-GLI-02063-100-t1n_2.jpg,BraTS-GLI-02063-100-seg_2.jpg
272,BraTS-GLI-02063-100-t1n_3.jpg,BraTS-GLI-02063-100-seg_3.jpg
273,BraTS-GLI-02063-101-t1n_1.jpg,BraTS-GLI-02063-101-seg_1.jpg
274,BraTS-GLI-02063-101-t1n_2.jpg,BraTS-GLI-02063-101-seg_2.jpg
275,BraTS-GLI-02063-101-t1n_3.jpg,BraTS-GLI-02063-101-seg_3.jpg
276,BraTS-GLI-02063-102-t1n_1.jpg,BraTS-GLI-02063-102-seg_1.jpg
277,BraTS-GLI-02063-102-t1n_2.jpg,BraTS-GLI-02063-102-seg_2.jpg
278,BraTS-GLI-02063-102-t1n_3.jpg,BraTS-GLI-02063-102-seg_3.jpg
279,BraTS-GLI-02063-103-t1n_1.jpg,BraTS-GLI-02063-103-seg_1.jpg
280,BraTS-GLI-02063-103-t1n_2.jpg,BraTS-GLI-02063-103-seg_2.jpg
281,BraTS-GLI-02063-103-t1n_3.jpg,BraTS-GLI-02063-103-seg_3.jpg
282,BraTS-GLI-02063-104-t1n_1.jpg,BraTS-GLI-02063-104-seg_1.jpg
283,BraTS-GLI-02063-104-t1n_2.jpg,BraTS-GLI-02063-104-seg_2.jpg
284,BraTS-GLI-02063-104-t1n_3.jpg,BraTS-GLI-02063-104-seg_3.jpg
285,BraTS-GLI-02063-105-t1n_1.jpg,BraTS-GLI-02063-105-seg_1.jpg
286,BraTS-GLI-02063-105-t1n_2.jpg,BraTS-GLI-02063-105-seg_2.jpg
287,BraTS-GLI-02063-105-t1n_3.jpg,BraTS-GLI-02063-105-seg_3.jpg
288,BraTS-GLI-02063-106-t1n_1.jpg,BraTS-GLI-02063-106-seg_1.jpg
289,BraTS-GLI-02063-106-t1n_2.jpg,BraTS-GLI-02063-106-seg_2.jpg
290,BraTS-GLI-02063-106-t1n_3.jpg,BraTS-GLI-02063-106-seg_3.jpg
291,BraTS-GLI-02064-100-t1n_1.jpg,BraTS-GLI-02064-100-seg_1.jpg
292,BraTS-GLI-02064-100-t1n_2.jpg,BraTS-GLI-02064-100-seg_2.jpg
293,BraTS-GLI-02064-100-t1n_3.jpg,BraTS-GLI-02064-100-seg_3.jpg
294,BraTS-GLI-02064-101-t1n_1.jpg,BraTS-GLI-02064-101-seg_1.jpg
295,BraTS-GLI-02064-101-t1n_2.jpg,BraTS-GLI-02064-101-seg_2.jpg
296,BraTS-GLI-02064-101-t1n_3.jpg,BraTS-GLI-02064-101-seg_3.jpg
297,BraTS-GLI-02064-102-t1n_1.jpg,BraTS-GLI-02064-102-seg_1.jpg
298,BraTS-GLI-02064-102-t1n_2.jpg,BraTS-GLI-02064-102-seg_2.jpg
299,BraTS-GLI-02064-102-t1n_3.jpg,BraTS-GLI-02064-102-seg_3.jpg
300,BraTS-GLI-02066-100-t1n_1.jpg,BraTS-GLI-02066-100-seg_1.jpg
301,BraTS-GLI-02066-100-t1n_2.jpg,BraTS-GLI-02066-100-seg_2.jpg
302,BraTS-GLI-02066-100-t1n_3.jpg,BraTS-GLI-02066-100-seg_3.jpg
303,BraTS-GLI-02066-101-t1n_1.jpg,BraTS-GLI-02066-101-seg_1.jpg
304,BraTS-GLI-02066-101-t1n_2.jpg,BraTS-GLI-02066-101-seg_2.jpg
305,BraTS-GLI-02066-101-t1n_3.jpg,BraTS-GLI-02066-101-seg_3.jpg
306,BraTS-GLI-02066-102-t1n_1.jpg,BraTS-GLI-02066-102-seg_1.jpg
307,BraTS-GLI-02066-102-t1n_2.jpg,BraTS-GLI-02066-102-seg_2.jpg
308,BraTS-GLI-02066-102-t1n_3.jpg,BraTS-GLI-02066-102-seg_3.jpg
309,BraTS-GLI-02066-103-t1n_1.jpg,BraTS-GLI-02066-103-seg_1.jpg
310,BraTS-GLI-02066-103-t1n_2.jpg,BraTS-GLI-02066-103-seg_2.jpg
311,BraTS-GLI-02066-103-t1n_3.jpg,BraTS-GLI-02066-103-seg_3.jpg
312,BraTS-GLI-02066-104-t1n_1.jpg,BraTS-GLI-02066-104-seg_1.jpg
313,BraTS-GLI-02066-104-t1n_2.jpg,BraTS-GLI-02066-104-seg_2.jpg
314,BraTS-GLI-02066-104-t1n_3.jpg,BraTS-GLI-02066-104-seg_3.jpg
315,BraTS-GLI-02066-105-t1n_1.jpg,BraTS-GLI-02066-105-seg_1.jpg
316,BraTS-GLI-02066-105-t1n_2.jpg,BraTS-GLI-02066-105-seg_2.jpg
317,BraTS-GLI-02066-105-t1n_3.jpg,BraTS-GLI-02066-105-seg_3.jpg
318,BraTS-GLI-02068-100-t1n_1.jpg,BraTS-GLI-02068-100-seg_1.jpg
319,BraTS-GLI-02068-100-t1n_2.jpg,BraTS-GLI-02068-100-seg_2.jpg
320,BraTS-GLI-02068-100-t1n_3.jpg,BraTS-GLI-02068-100-seg_3.jpg
321,BraTS-GLI-02068-101-t1n_1.jpg,BraTS-GLI-02068-101-seg_1.jpg
322,BraTS-GLI-02068-101-t1n_2.jpg,BraTS-GLI-02068-101-seg_2.jpg
323,BraTS-GLI-02068-101-t1n_3.jpg,BraTS-GLI-02068-101-seg_3.jpg
324,BraTS-GLI-02069-100-t1n_1.jpg,BraTS-GLI-02069-100-seg_1.jpg
325,BraTS-GLI-02069-100-t1n_2.jpg,BraTS-GLI-02069-100-seg_2.jpg
326,BraTS-GLI-02069-100-t1n_3.jpg,BraTS-GLI-02069-100-seg_3.jpg
327,BraTS-GLI-02069-101-t1n_1.jpg,BraTS-GLI-02069-101-seg_1.jpg
328,BraTS-GLI-02069-101-t1n_2.jpg,BraTS-GLI-02069-101-seg_2.jpg
329,BraTS-GLI-02069-101-t1n_3.jpg,BraTS-GLI-02069-101-seg_3.jpg
330,BraTS-GLI-02069-102-t1n_1.jpg,BraTS-GLI-02069-102-seg_1.jpg
331,BraTS-GLI-02069-102-t1n_2.jpg,BraTS-GLI-02069-102-seg_2.jpg
332,BraTS-GLI-02069-102-t1n_3.jpg,BraTS-GLI-02069-102-seg_3.jpg
333,BraTS-GLI-02069-103-t1n_1.jpg,BraTS-GLI-02069-103-seg_1.jpg
334,BraTS-GLI-02069-103-t1n_2.jpg,BraTS-GLI-02069-103-seg_2.jpg
335,BraTS-GLI-02069-103-t1n_3.jpg,BraTS-GLI-02069-103-seg_3.jpg
336,BraTS-GLI-02070-100-t1n_1.jpg,BraTS-GLI-02070-100-seg_1.jpg
337,BraTS-GLI-02070-100-t1n_2.jpg,BraTS-GLI-02070-100-seg_2.jpg
338,BraTS-GLI-02070-100-t1n_3.jpg,BraTS-GLI-02070-100-seg_3.jpg
339,BraTS-GLI-02070-101-t1n_1.jpg,BraTS-GLI-02070-101-seg_1.jpg
340,BraTS-GLI-02070-101-t1n_2.jpg,BraTS-GLI-02070-101-seg_2.jpg
341,BraTS-GLI-02070-101-t1n_3.jpg,BraTS-GLI-02070-101-seg_3.jpg
342,BraTS-GLI-02070-102-t1n_1.jpg,BraTS-GLI-02070-102-seg_1.jpg
343,BraTS-GLI-02070-102-t1n_2.jpg,BraTS-GLI-02070-102-seg_2.jpg
344,BraTS-GLI-02070-102-t1n_3.jpg,BraTS-GLI-02070-102-seg_3.jpg
345,BraTS-GLI-02071-100-t1n_1.jpg,BraTS-GLI-02071-100-seg_1.jpg
346,BraTS-GLI-02071-100-t1n_2.jpg,BraTS-GLI-02071-100-seg_2.jpg
347,BraTS-GLI-02071-100-t1n_3.jpg,BraTS-GLI-02071-100-seg_3.jpg
348,BraTS-GLI-02071-101-t1n_1.jpg,BraTS-GLI-02071-101-seg_1.jpg
349,BraTS-GLI-02071-101-t1n_2.jpg,BraTS-GLI-02071-101-seg_2.jpg
350,BraTS-GLI-02071-101-t1n_3.jpg,BraTS-GLI-02071-101-seg_3.jpg
351,BraTS-GLI-02072-100-t1n_1.jpg,BraTS-GLI-02072-100-seg_1.jpg
352,BraTS-GLI-02072-100-t1n_2.jpg,BraTS-GLI-02072-100-seg_2.jpg
353,BraTS-GLI-02072-100-t1n_3.jpg,BraTS-GLI-02072-100-seg_3.jpg
354,BraTS-GLI-02072-101-t1n_1.jpg,BraTS-GLI-02072-101-seg_1.jpg
355,BraTS-GLI-02072-101-t1n_2.jpg,BraTS-GLI-02072-101-seg_2.jpg
356,BraTS-GLI-02072-101-t1n_3.jpg,BraTS-GLI-02072-101-seg_3.jpg
357,BraTS-GLI-02072-102-t1n_1.jpg,BraTS-GLI-02072-102-seg_1.jpg
358,BraTS-GLI-02072-102-t1n_2.jpg,BraTS-GLI-02072-102-seg_2.jpg
359,BraTS-GLI-02072-102-t1n_3.jpg,BraTS-GLI-02072-102-seg_3.jpg
360,BraTS-GLI-02072-103-t1n_1.jpg,BraTS-GLI-02072-103-seg_1.jpg
361,BraTS-GLI-02072-103-t1n_2.jpg,BraTS-GLI-02072-103-seg_2.jpg
362,BraTS-GLI-02072-103-t1n_3.jpg,BraTS-GLI-02072-103-seg_3.jpg
363,BraTS-GLI-02072-104-t1n_1.jpg,BraTS-GLI-02072-104-seg_1.jpg
364,BraTS-GLI-02072-104-t1n_2.jpg,BraTS-GLI-02072-104-seg_2.jpg
365,BraTS-GLI-02072-104-t1n_3.jpg,BraTS-GLI-02072-104-seg_3.jpg
366,BraTS-GLI-02072-105-t1n_1.jpg,BraTS-GLI-02072-105-seg_1.jpg
367,BraTS-GLI-02072-105-t1n_2.jpg,BraTS-GLI-02072-105-seg_2.jpg
368,BraTS-GLI-02072-105-t1n_3.jpg,BraTS-GLI-02072-105-seg_3.jpg
369,BraTS-GLI-02074-100-t1n_1.jpg,BraTS-GLI-02074-100-seg_1.jpg
370,BraTS-GLI-02074-100-t1n_2.jpg,BraTS-GLI-02074-100-seg_2.jpg
371,BraTS-GLI-02074-100-t1n_3.jpg,BraTS-GLI-02074-100-seg_3.jpg
372,BraTS-GLI-02074-101-t1n_1.jpg,BraTS-GLI-02074-101-seg_1.jpg
373,BraTS-GLI-02074-101-t1n_2.jpg,BraTS-GLI-02074-101-seg_2.jpg
374,BraTS-GLI-02074-101-t1n_3.jpg,BraTS-GLI-02074-101-seg_3.jpg
375,BraTS-GLI-02076-100-t1n_1.jpg,BraTS-GLI-02076-100-seg_1.jpg
376,BraTS-GLI-02076-100-t1n_2.jpg,BraTS-GLI-02076-100-seg_2.jpg
377,BraTS-GLI-02076-100-t1n_3.jpg,BraTS-GLI-02076-100-seg_3.jpg
378,BraTS-GLI-02076-101-t1n_1.jpg,BraTS-GLI-02076-101-seg_1.jpg
379,BraTS-GLI-02076-101-t1n_2.jpg,BraTS-GLI-02076-101-seg_2.jpg
380,BraTS-GLI-02076-101-t1n_3.jpg,BraTS-GLI-02076-101-seg_3.jpg
381,BraTS-GLI-02077-100-t1n_1.jpg,BraTS-GLI-02077-100-seg_1.jpg
382,BraTS-GLI-02077-100-t1n_2.jpg,BraTS-GLI-02077-100-seg_2.jpg
383,BraTS-GLI-02077-100-t1n_3.jpg,BraTS-GLI-02077-100-seg_3.jpg
384,BraTS-GLI-02077-101-t1n_1.jpg,BraTS-GLI-02077-101-seg_1.jpg
385,BraTS-GLI-02077-101-t1n_2.jpg,BraTS-GLI-02077-101-seg_2.jpg
386,BraTS-GLI-02077-101-t1n_3.jpg,BraTS-GLI-02077-101-seg_3.jpg
387,BraTS-GLI-02078-100-t1n_1.jpg,BraTS-GLI-02078-100-seg_1.jpg
388,BraTS-GLI-02078-100-t1n_2.jpg,BraTS-GLI-02078-100-seg_2.jpg
389,BraTS-GLI-02078-100-t1n_3.jpg,BraTS-GLI-02078-100-seg_3.jpg
390,BraTS-GLI-02078-101-t1n_1.jpg,BraTS-GLI-02078-101-seg_1.jpg
391,BraTS-GLI-02078-101-t1n_2.jpg,BraTS-GLI-02078-101-seg_2.jpg
392,BraTS-GLI-02078-101-t1n_3.jpg,BraTS-GLI-02078-101-seg_3.jpg
393,BraTS-GLI-02078-102-t1n_1.jpg,BraTS-GLI-02078-102-seg_1.jpg
394,BraTS-GLI-02078-102-t1n_2.jpg,BraTS-GLI-02078-102-seg_2.jpg
395,BraTS-GLI-02078-102-t1n_3.jpg,BraTS-GLI-02078-102-seg_3.jpg
396,BraTS-GLI-02078-103-t1n_1.jpg,BraTS-GLI-02078-103-seg_1.jpg
397,BraTS-GLI-02078-103-t1n_2.jpg,BraTS-GLI-02078-103-seg_2.jpg
398,BraTS-GLI-02078-103-t1n_3.jpg,BraTS-GLI-02078-103-seg_3.jpg
399,BraTS-GLI-02079-100-t1n_1.jpg,BraTS-GLI-02079-100-seg_1.jpg
400,BraTS-GLI-02079-100-t1n_2.jpg,BraTS-GLI-02079-100-seg_2.jpg
401,BraTS-GLI-02079-100-t1n_3.jpg,BraTS-GLI-02079-100-seg_3.jpg
402,BraTS-GLI-02079-101-t1n_1.jpg,BraTS-GLI-02079-101-seg_1.jpg
403,BraTS-GLI-02079-101-t1n_2.jpg,BraTS-GLI-02079-101-seg_2.jpg
404,BraTS-GLI-02079-101-t1n_3.jpg,BraTS-GLI-02079-101-seg_3.jpg
405,BraTS-GLI-02081-100-t1n_1.jpg,BraTS-GLI-02081-100-seg_1.jpg
406,BraTS-GLI-02081-100-t1n_2.jpg,BraTS-GLI-02081-100-seg_2.jpg
407,BraTS-GLI-02081-100-t1n_3.jpg,BraTS-GLI-02081-100-seg_3.jpg
408,BraTS-GLI-02081-101-t1n_1.jpg,BraTS-GLI-02081-101-seg_1.jpg
409,BraTS-GLI-02081-101-t1n_2.jpg,BraTS-GLI-02081-101-seg_2.jpg
410,BraTS-GLI-02081-101-t1n_3.jpg,BraTS-GLI-02081-101-seg_3.jpg
411,BraTS-GLI-02081-102-t1n_1.jpg,BraTS-GLI-02081-102-seg_1.jpg
412,BraTS-GLI-02081-102-t1n_2.jpg,BraTS-GLI-02081-102-seg_2.jpg
413,BraTS-GLI-02081-102-t1n_3.jpg,BraTS-GLI-02081-102-seg_3.jpg
414,BraTS-GLI-02082-100-t1n_1.jpg,BraTS-GLI-02082-100-seg_1.jpg
415,BraTS-GLI-02082-100-t1n_2.jpg,BraTS-GLI-02082-100-seg_2.jpg
416,BraTS-GLI-02082-100-t1n_3.jpg,BraTS-GLI-02082-100-seg_3.jpg
417,BraTS-GLI-02082-101-t1n_1.jpg,BraTS-GLI-02082-101-seg_1.jpg
418,BraTS-GLI-02082-101-t1n_2.jpg,BraTS-GLI-02082-101-seg_2.jpg
419,BraTS-GLI-02082-101-t1n_3.jpg,BraTS-GLI-02082-101-seg_3.jpg
420,BraTS-GLI-02082-102-t1n_1.jpg,BraTS-GLI-02082-102-seg_1.jpg
421,BraTS-GLI-02082-102-t1n_2.jpg,BraTS-GLI-02082-102-seg_2.jpg
422,BraTS-GLI-02082-102-t1n_3.jpg,BraTS-GLI-02082-102-seg_3.jpg
423,BraTS-GLI-02082-103-t1n_1.jpg,BraTS-GLI-02082-103-seg_1.jpg
424,BraTS-GLI-02082-103-t1n_2.jpg,BraTS-GLI-02082-103-seg_2.jpg
425,BraTS-GLI-02082-103-t1n_3.jpg,BraTS-GLI-02082-103-seg_3.jpg
426,BraTS-GLI-02082-104-t1n_1.jpg,BraTS-GLI-02082-104-seg_1.jpg
427,BraTS-GLI-02082-104-t1n_2.jpg,BraTS-GLI-02082-104-seg_2.jpg
428,BraTS-GLI-02082-104-t1n_3.jpg,BraTS-GLI-02082-104-seg_3.jpg
429,BraTS-GLI-02082-105-t1n_1.jpg,BraTS-GLI-02082-105-seg_1.jpg
430,BraTS-GLI-02082-105-t1n_2.jpg,BraTS-GLI-02082-105-seg_2.jpg
431,BraTS-GLI-02082-105-t1n_3.jpg,BraTS-GLI-02082-105-seg_3.jpg
432,BraTS-GLI-02082-106-t1n_1.jpg,BraTS-GLI-02082-106-seg_1.jpg
433,BraTS-GLI-02082-106-t1n_2.jpg,BraTS-GLI-02082-106-seg_2.jpg
434,BraTS-GLI-02082-106-t1n_3.jpg,BraTS-GLI-02082-106-seg_3.jpg
435,BraTS-GLI-02083-100-t1n_1.jpg,BraTS-GLI-02083-100-seg_1.jpg
436,BraTS-GLI-02083-100-t1n_2.jpg,BraTS-GLI-02083-100-seg_2.jpg
437,BraTS-GLI-02083-100-t1n_3.jpg,BraTS-GLI-02083-100-seg_3.jpg
438,BraTS-GLI-02083-101-t1n_1.jpg,BraTS-GLI-02083-101-seg_1.jpg
439,BraTS-GLI-02083-101-t1n_2.jpg,BraTS-GLI-02083-101-seg_2.jpg
440,BraTS-GLI-02083-101-t1n_3.jpg,BraTS-GLI-02083-101-seg_3.jpg
441,BraTS-GLI-02083-102-t1n_1.jpg,BraTS-GLI-02083-102-seg_1.jpg
442,BraTS-GLI-02083-102-t1n_2.jpg,BraTS-GLI-02083-102-seg_2.jpg
443,BraTS-GLI-02083-102-t1n_3.jpg,BraTS-GLI-02083-102-seg_3.jpg
444,BraTS-GLI-02083-103-t1n_1.jpg,BraTS-GLI-02083-103-seg_1.jpg
445,BraTS-GLI-02083-103-t1n_2.jpg,BraTS-GLI-02083-103-seg_2.jpg
446,BraTS-GLI-02083-103-t1n_3.jpg,BraTS-GLI-02083-103-seg_3.jpg
447,BraTS-GLI-02084-100-t1n_1.jpg,BraTS-GLI-02084-100-seg_1.jpg
448,BraTS-GLI-02084-100-t1n_2.jpg,BraTS-GLI-02084-100-seg_2.jpg
449,BraTS-GLI-02084-100-t1n_3.jpg,BraTS-GLI-02084-100-seg_3.jpg
450,BraTS-GLI-02084-101-t1n_1.jpg,BraTS-GLI-02084-101-seg_1.jpg
451,BraTS-GLI-02084-101-t1n_2.jpg,BraTS-GLI-02084-101-seg_2.jpg
452,BraTS-GLI-02084-101-t1n_3.jpg,BraTS-GLI-02084-101-seg_3.jpg
453,BraTS-GLI-02084-102-t1n_1.jpg,BraTS-GLI-02084-102-seg_1.jpg
454,BraTS-GLI-02084-102-t1n_2.jpg,BraTS-GLI-02084-102-seg_2.jpg
455,BraTS-GLI-02084-102-t1n_3.jpg,BraTS-GLI-02084-102-seg_3.jpg
456,BraTS-GLI-02084-103-t1n_1.jpg,BraTS-GLI-02084-103-seg_1.jpg
457,BraTS-GLI-02084-103-t1n_2.jpg,BraTS-GLI-02084-103-seg_2.jpg
458,BraTS-GLI-02084-103-t1n_3.jpg,BraTS-GLI-02084-103-seg_3.jpg
459,BraTS-GLI-02085-100-t1n_1.jpg,BraTS-GLI-02085-100-seg_1.jpg
460,BraTS-GLI-02085-100-t1n_2.jpg,BraTS-GLI-02085-100-seg_2.jpg
461,BraTS-GLI-02085-100-t1n_3.jpg,BraTS-GLI-02085-100-seg_3.jpg
462,BraTS-GLI-02085-101-t1n_1.jpg,BraTS-GLI-02085-101-seg_1.jpg
463,BraTS-GLI-02085-101-t1n_2.jpg,BraTS-GLI-02085-101-seg_2.jpg
464,BraTS-GLI-02085-101-t1n_3.jpg,BraTS-GLI-02085-101-seg_3.jpg
465,BraTS-GLI-02085-102-t1n_1.jpg,BraTS-GLI-02085-102-seg_1.jpg
466,BraTS-GLI-02085-102-t1n_2.jpg,BraTS-GLI-02085-102-seg_2.jpg
467,BraTS-GLI-02085-102-t1n_3.jpg,BraTS-GLI-02085-102-seg_3.jpg
468,BraTS-GLI-02085-103-t1n_1.jpg,BraTS-GLI-02085-103-seg_1.jpg
469,BraTS-GLI-02085-103-t1n_2.jpg,BraTS-GLI-02085-103-seg_2.jpg
470,BraTS-GLI-02085-103-t1n_3.jpg,BraTS-GLI-02085-103-seg_3.jpg
471,BraTS-GLI-02085-104-t1n_1.jpg,BraTS-GLI-02085-104-seg_1.jpg
472,BraTS-GLI-02085-104-t1n_2.jpg,BraTS-GLI-02085-104-seg_2.jpg
473,BraTS-GLI-02085-104-t1n_3.jpg,BraTS-GLI-02085-104-seg_3.jpg
474,BraTS-GLI-02085-105-t1n_1.jpg,BraTS-GLI-02085-105-seg_1.jpg
475,BraTS-GLI-02085-105-t1n_2.jpg,BraTS-GLI-02085-105-seg_2.jpg
476,BraTS-GLI-02085-105-t1n_3.jpg,BraTS-GLI-02085-105-seg_3.jpg
477,BraTS-GLI-02086-100-t1n_1.jpg,BraTS-GLI-02086-100-seg_1.jpg
478,BraTS-GLI-02086-100-t1n_2.jpg,BraTS-GLI-02086-100-seg_2.jpg
479,BraTS-GLI-02086-100-t1n_3.jpg,BraTS-GLI-02086-100-seg_3.jpg
480,BraTS-GLI-02086-101-t1n_1.jpg,BraTS-GLI-02086-101-seg_1.jpg
481,BraTS-GLI-02086-101-t1n_2.jpg,BraTS-GLI-02086-101-seg_2.jpg
482,BraTS-GLI-02086-101-t1n_3.jpg,BraTS-GLI-02086-101-seg_3.jpg
483,BraTS-GLI-02087-100-t1n_1.jpg,BraTS-GLI-02087-100-seg_1.jpg
484,BraTS-GLI-02087-100-t1n_2.jpg,BraTS-GLI-02087-100-seg_2.jpg
485,BraTS-GLI-02087-100-t1n_3.jpg,BraTS-GLI-02087-100-seg_3.jpg
486,BraTS-GLI-02087-101-t1n_1.jpg,BraTS-GLI-02087-101-seg_1.jpg
487,BraTS-GLI-02087-101-t1n_2.jpg,BraTS-GLI-02087-101-seg_2.jpg
488,BraTS-GLI-02087-101-t1n_3.jpg,BraTS-GLI-02087-101-seg_3.jpg
489,BraTS-GLI-02087-102-t1n_1.jpg,BraTS-GLI-02087-102-seg_1.jpg
490,BraTS-GLI-02087-102-t1n_2.jpg,BraTS-GLI-02087-102-seg_2.jpg
491,BraTS-GLI-02087-102-t1n_3.jpg,BraTS-GLI-02087-102-seg_3.jpg
492,BraTS-GLI-02088-100-t1n_1.jpg,BraTS-GLI-02088-100-seg_1.jpg
493,BraTS-GLI-02088-100-t1n_2.jpg,BraTS-GLI-02088-100-seg_2.jpg
494,BraTS-GLI-02088-100-t1n_3.jpg,BraTS-GLI-02088-100-seg_3.jpg
495,BraTS-GLI-02088-101-t1n_1.jpg,BraTS-GLI-02088-101-seg_1.jpg
496,BraTS-GLI-02088-101-t1n_2.jpg,BraTS-GLI-02088-101-seg_2.jpg
497,BraTS-GLI-02088-101-t1n_3.jpg,BraTS-GLI-02088-101-seg_3.jpg
498,BraTS-GLI-02088-102-t1n_1.jpg,BraTS-GLI-02088-102-seg_1.jpg
499,BraTS-GLI-02088-102-t1n_2.jpg,BraTS-GLI-02088-102-seg_2.jpg
500,BraTS-GLI-02088-102-t1n_3.jpg,BraTS-GLI-02088-102-seg_3.jpg
501,BraTS-GLI-02089-100-t1n_1.jpg,BraTS-GLI-02089-100-seg_1.jpg
502,BraTS-GLI-02089-100-t1n_2.jpg,BraTS-GLI-02089-100-seg_2.jpg
503,BraTS-GLI-02089-100-t1n_3.jpg,BraTS-GLI-02089-100-seg_3.jpg
504,BraTS-GLI-02089-101-t1n_1.jpg,BraTS-GLI-02089-101-seg_1.jpg
505,BraTS-GLI-02089-101-t1n_2.jpg,BraTS-GLI-02089-101-seg_2.jpg
506,BraTS-GLI-02089-101-t1n_3.jpg,BraTS-GLI-02089-101-seg_3.jpg
507,BraTS-GLI-02091-100-t1n_1.jpg,BraTS-GLI-02091-100-seg_1.jpg
508,BraTS-GLI-02091-100-t1n_2.jpg,BraTS-GLI-02091-100-seg_2.jpg
509,BraTS-GLI-02091-100-t1n_3.jpg,BraTS-GLI-02091-100-seg_3.jpg
510,BraTS-GLI-02091-101-t1n_1.jpg,BraTS-GLI-02091-101-seg_1.jpg
511,BraTS-GLI-02091-101-t1n_2.jpg,BraTS-GLI-02091-101-seg_2.jpg
512,BraTS-GLI-02091-101-t1n_3.jpg,BraTS-GLI-02091-101-seg_3.jpg
513,BraTS-GLI-02091-102-t1n_1.jpg,BraTS-GLI-02091-102-seg_1.jpg
514,BraTS-GLI-02091-102-t1n_2.jpg,BraTS-GLI-02091-102-seg_2.jpg
515,BraTS-GLI-02091-102-t1n_3.jpg,BraTS-GLI-02091-102-seg_3.jpg
516,BraTS-GLI-02091-103-t1n_1.jpg,BraTS-GLI-02091-103-seg_1.jpg
517,BraTS-GLI-02091-103-t1n_2.jpg,BraTS-GLI-02091-103-seg_2.jpg
518,BraTS-GLI-02091-103-t1n_3.jpg,BraTS-GLI-02091-103-seg_3.jpg
519,BraTS-GLI-02092-100-t1n_1.jpg,BraTS-GLI-02092-100-seg_1.jpg
520,BraTS-GLI-02092-100-t1n_2.jpg,BraTS-GLI-02092-100-seg_2.jpg
521,BraTS-GLI-02092-100-t1n_3.jpg,BraTS-GLI-02092-100-seg_3.jpg
522,BraTS-GLI-02092-101-t1n_1.jpg,BraTS-GLI-02092-101-seg_1.jpg
523,BraTS-GLI-02092-101-t1n_2.jpg,BraTS-GLI-02092-101-seg_2.jpg
524,BraTS-GLI-02092-101-t1n_3.jpg,BraTS-GLI-02092-101-seg_3.jpg
525,BraTS-GLI-02092-102-t1n_1.jpg,BraTS-GLI-02092-102-seg_1.jpg
526,BraTS-GLI-02092-102-t1n_2.jpg,BraTS-GLI-02092-102-seg_2.jpg
527,BraTS-GLI-02092-102-t1n_3.jpg,BraTS-GLI-02092-102-seg_3.jpg
528,BraTS-GLI-02092-103-t1n_1.jpg,BraTS-GLI-02092-103-seg_1.jpg
529,BraTS-GLI-02092-103-t1n_2.jpg,BraTS-GLI-02092-103-seg_2.jpg
530,BraTS-GLI-02092-103-t1n_3.jpg,BraTS-GLI-02092-103-seg_3.jpg
531,BraTS-GLI-02092-104-t1n_1.jpg,BraTS-GLI-02092-104-seg_1.jpg
532,BraTS-GLI-02092-104-t1n_2.jpg,BraTS-GLI-02092-104-seg_2.jpg
533,BraTS-GLI-02092-104-t1n_3.jpg,BraTS-GLI-02092-104-seg_3.jpg
534,BraTS-GLI-02092-105-t1n_1.jpg,BraTS-GLI-02092-105-seg_1.jpg
535,BraTS-GLI-02092-105-t1n_2.jpg,BraTS-GLI-02092-105-seg_2.jpg
536,BraTS-GLI-02092-105-t1n_3.jpg,BraTS-GLI-02092-105-seg_3.jpg
537,BraTS-GLI-02093-100-t1n_1.jpg,BraTS-GLI-02093-100-seg_1.jpg
538,BraTS-GLI-02093-100-t1n_2.jpg,BraTS-GLI-02093-100-seg_2.jpg
539,BraTS-GLI-02093-100-t1n_3.jpg,BraTS-GLI-02093-100-seg_3.jpg
540,BraTS-GLI-02093-101-t1n_1.jpg,BraTS-GLI-02093-101-seg_1.jpg
541,BraTS-GLI-02093-101-t1n_2.jpg,BraTS-GLI-02093-101-seg_2.jpg
542,BraTS-GLI-02093-101-t1n_3.jpg,BraTS-GLI-02093-101-seg_3.jpg
543,BraTS-GLI-02093-102-t1n_1.jpg,BraTS-GLI-02093-102-seg_1.jpg
544,BraTS-GLI-02093-102-t1n_2.jpg,BraTS-GLI-02093-102-seg_2.jpg
545,BraTS-GLI-02093-102-t1n_3.jpg,BraTS-GLI-02093-102-seg_3.jpg
546,BraTS-GLI-02093-103-t1n_1.jpg,BraTS-GLI-02093-103-seg_1.jpg
547,BraTS-GLI-02093-103-t1n_2.jpg,BraTS-GLI-02093-103-seg_2.jpg
548,BraTS-GLI-02093-103-t1n_3.jpg,BraTS-GLI-02093-103-seg_3.jpg
549,BraTS-GLI-02093-104-t1n_1.jpg,BraTS-GLI-02093-104-seg_1.jpg
550,BraTS-GLI-02093-104-t1n_2.jpg,BraTS-GLI-02093-104-seg_2.jpg
551,BraTS-GLI-02093-104-t1n_3.jpg,BraTS-GLI-02093-104-seg_3.jpg
552,BraTS-GLI-02093-105-t1n_1.jpg,BraTS-GLI-02093-105-seg_1.jpg
553,BraTS-GLI-02093-105-t1n_2.jpg,BraTS-GLI-02093-105-seg_2.jpg
554,BraTS-GLI-02093-105-t1n_3.jpg,BraTS-GLI-02093-105-seg_3.jpg
555,BraTS-GLI-02093-106-t1n_1.jpg,BraTS-GLI-02093-106-seg_1.jpg
556,BraTS-GLI-02093-106-t1n_2.jpg,BraTS-GLI-02093-106-seg_2.jpg
557,BraTS-GLI-02093-106-t1n_3.jpg,BraTS-GLI-02093-106-seg_3.jpg
558,BraTS-GLI-02772-101-t1n_1.jpg,BraTS-GLI-02772-101-seg_1.jpg
559,BraTS-GLI-02772-101-t1n_2.jpg,BraTS-GLI-02772-101-seg_2.jpg
560,BraTS-GLI-02772-101-t1n_3.jpg,BraTS-GLI-02772-101-seg_3.jpg
561,BraTS-GLI-02773-100-t1n_1.jpg,BraTS-GLI-02773-100-seg_1.jpg
562,BraTS-GLI-02773-100-t1n_2.jpg,BraTS-GLI-02773-100-seg_2.jpg
563,BraTS-GLI-02773-100-t1n_3.jpg,BraTS-GLI-02773-100-seg_3.jpg
564,BraTS-GLI-02773-101-t1n_1.jpg,BraTS-GLI-02773-101-seg_1.jpg
565,BraTS-GLI-02773-101-t1n_2.jpg,BraTS-GLI-02773-101-seg_2.jpg
566,BraTS-GLI-02773-101-t1n_3.jpg,BraTS-GLI-02773-101-seg_3.jpg
567,BraTS-GLI-02774-100-t1n_1.jpg,BraTS-GLI-02774-100-seg_1.jpg
568,BraTS-GLI-02774-100-t1n_2.jpg,BraTS-GLI-02774-100-seg_2.jpg
569,BraTS-GLI-02774-100-t1n_3.jpg,BraTS-GLI-02774-100-seg_3.jpg
570,BraTS-GLI-02774-101-t1n_1.jpg,BraTS-GLI-02774-101-seg_1.jpg
571,BraTS-GLI-02774-101-t1n_2.jpg,BraTS-GLI-02774-101-seg_2.jpg
572,BraTS-GLI-02774-101-t1n_3.jpg,BraTS-GLI-02774-101-seg_3.jpg
573,BraTS-GLI-02775-100-t1n_1.jpg,BraTS-GLI-02775-100-seg_1.jpg
574,BraTS-GLI-02775-100-t1n_2.jpg,BraTS-GLI-02775-100-seg_2.jpg
575,BraTS-GLI-02775-100-t1n_3.jpg,BraTS-GLI-02775-100-seg_3.jpg
576,BraTS-GLI-02775-101-t1n_1.jpg,BraTS-GLI-02775-101-seg_1.jpg
577,BraTS-GLI-02775-101-t1n_2.jpg,BraTS-GLI-02775-101-seg_2.jpg
578,BraTS-GLI-02775-101-t1n_3.jpg,BraTS-GLI-02775-101-seg_3.jpg
579,BraTS-GLI-02776-100-t1n_1.jpg,BraTS-GLI-02776-100-seg_1.jpg
580,BraTS-GLI-02776-100-t1n_2.jpg,BraTS-GLI-02776-100-seg_2.jpg
581,BraTS-GLI-02776-100-t1n_3.jpg,BraTS-GLI-02776-100-seg_3.jpg
582,BraTS-GLI-02776-101-t1n_1.jpg,BraTS-GLI-02776-101-seg_1.jpg
583,BraTS-GLI-02776-101-t1n_2.jpg,BraTS-GLI-02776-101-seg_2.jpg
584,BraTS-GLI-02776-101-t1n_3.jpg,BraTS-GLI-02776-101-seg_3.jpg
585,BraTS-GLI-02777-100-t1n_1.jpg,BraTS-GLI-02777-100-seg_1.jpg
586,BraTS-GLI-02777-100-t1n_2.jpg,BraTS-GLI-02777-100-seg_2.jpg
587,BraTS-GLI-02777-100-t1n_3.jpg,BraTS-GLI-02777-100-seg_3.jpg
588,BraTS-GLI-02777-101-t1n_1.jpg,BraTS-GLI-02777-101-seg_1.jpg
589,BraTS-GLI-02777-101-t1n_2.jpg,BraTS-GLI-02777-101-seg_2.jpg
590,BraTS-GLI-02777-101-t1n_3.jpg,BraTS-GLI-02777-101-seg_3.jpg
591,BraTS-GLI-02778-100-t1n_1.jpg,BraTS-GLI-02778-100-seg_1.jpg
592,BraTS-GLI-02778-100-t1n_2.jpg,BraTS-GLI-02778-100-seg_2.jpg
593,BraTS-GLI-02778-100-t1n_3.jpg,BraTS-GLI-02778-100-seg_3.jpg
594,BraTS-GLI-02778-101-t1n_1.jpg,BraTS-GLI-02778-101-seg_1.jpg
595,BraTS-GLI-02778-101-t1n_2.jpg,BraTS-GLI-02778-101-seg_2.jpg
596,BraTS-GLI-02778-101-t1n_3.jpg,BraTS-GLI-02778-101-seg_3.jpg
597,BraTS-GLI-02779-100-t1n_1.jpg,BraTS-GLI-02779-100-seg_1.jpg
598,BraTS-GLI-02779-100-t1n_2.jpg,BraTS-GLI-02779-100-seg_2.jpg
599,BraTS-GLI-02779-100-t1n_3.jpg,BraTS-GLI-02779-100-seg_3.jpg
600,BraTS-GLI-02779-101-t1n_1.jpg,BraTS-GLI-02779-101-seg_1.jpg
601,BraTS-GLI-02779-101-t1n_2.jpg,BraTS-GLI-02779-101-seg_2.jpg
602,BraTS-GLI-02779-101-t1n_3.jpg,BraTS-GLI-02779-101-seg_3.jpg
603,BraTS-GLI-02780-100-t1n_1.jpg,BraTS-GLI-02780-100-seg_1.jpg
604,BraTS-GLI-02780-100-t1n_2.jpg,BraTS-GLI-02780-100-seg_2.jpg
605,BraTS-GLI-02780-100-t1n_3.jpg,BraTS-GLI-02780-100-seg_3.jpg
606,BraTS-GLI-02780-101-t1n_1.jpg,BraTS-GLI-02780-101-seg_1.jpg
607,BraTS-GLI-02780-101-t1n_2.jpg,BraTS-GLI-02780-101-seg_2.jpg
608,BraTS-GLI-02780-101-t1n_3.jpg,BraTS-GLI-02780-101-seg_3.jpg
609,BraTS-GLI-02781-100-t1n_1.jpg,BraTS-GLI-02781-100-seg_1.jpg
610,BraTS-GLI-02781-100-t1n_2.jpg,BraTS-GLI-02781-100-seg_2.jpg
611,BraTS-GLI-02781-100-t1n_3.jpg,BraTS-GLI-02781-100-seg_3.jpg
612,BraTS-GLI-02781-101-t1n_1.jpg,BraTS-GLI-02781-101-seg_1.jpg
613,BraTS-GLI-02781-101-t1n_2.jpg,BraTS-GLI-02781-101-seg_2.jpg
614,BraTS-GLI-02781-101-t1n_3.jpg,BraTS-GLI-02781-101-seg_3.jpg
615,BraTS-GLI-02782-100-t1n_1.jpg,BraTS-GLI-02782-100-seg_1.jpg
616,BraTS-GLI-02782-100-t1n_2.jpg,BraTS-GLI-02782-100-seg_2.jpg
617,BraTS-GLI-02782-100-t1n_3.jpg,BraTS-GLI-02782-100-seg_3.jpg
618,BraTS-GLI-02782-101-t1n_1.jpg,BraTS-GLI-02782-101-seg_1.jpg
619,BraTS-GLI-02782-101-t1n_2.jpg,BraTS-GLI-02782-101-seg_2.jpg
620,BraTS-GLI-02782-101-t1n_3.jpg,BraTS-GLI-02782-101-seg_3.jpg
621,BraTS-GLI-02786-100-t1n_1.jpg,BraTS-GLI-02786-100-seg_1.jpg
622,BraTS-GLI-02786-100-t1n_2.jpg,BraTS-GLI-02786-100-seg_2.jpg
623,BraTS-GLI-02786-100-t1n_3.jpg,BraTS-GLI-02786-100-seg_3.jpg
624,BraTS-GLI-02786-101-t1n_1.jpg,BraTS-GLI-02786-101-seg_1.jpg
625,BraTS-GLI-02786-101-t1n_2.jpg,BraTS-GLI-02786-101-seg_2.jpg
626,BraTS-GLI-02786-101-t1n_3.jpg,BraTS-GLI-02786-101-seg_3.jpg
627,BraTS-GLI-02787-100-t1n_1.jpg,BraTS-GLI-02787-100-seg_1.jpg
628,BraTS-GLI-02787-100-t1n_2.jpg,BraTS-GLI-02787-100-seg_2.jpg
629,BraTS-GLI-02787-100-t1n_3.jpg,BraTS-GLI-02787-100-seg_3.jpg
630,BraTS-GLI-02787-101-t1n_1.jpg,BraTS-GLI-02787-101-seg_1.jpg
631,BraTS-GLI-02787-101-t1n_2.jpg,BraTS-GLI-02787-101-seg_2.jpg
632,BraTS-GLI-02787-101-t1n_3.jpg,BraTS-GLI-02787-101-seg_3.jpg
633,BraTS-GLI-02788-100-t1n_1.jpg,BraTS-GLI-02788-100-seg_1.jpg
634,BraTS-GLI-02788-100-t1n_2.jpg,BraTS-GLI-02788-100-seg_2.jpg
635,BraTS-GLI-02788-100-t1n_3.jpg,BraTS-GLI-02788-100-seg_3.jpg
636,BraTS-GLI-02788-101-t1n_1.jpg,BraTS-GLI-02788-101-seg_1.jpg
637,BraTS-GLI-02788-101-t1n_2.jpg,BraTS-GLI-02788-101-seg_2.jpg
638,BraTS-GLI-02788-101-t1n_3.jpg,BraTS-GLI-02788-101-seg_3.jpg
639,BraTS-GLI-02789-100-t1n_1.jpg,BraTS-GLI-02789-100-seg_1.jpg
640,BraTS-GLI-02789-100-t1n_2.jpg,BraTS-GLI-02789-100-seg_2.jpg
641,BraTS-GLI-02789-100-t1n_3.jpg,BraTS-GLI-02789-100-seg_3.jpg
642,BraTS-GLI-02789-101-t1n_1.jpg,BraTS-GLI-02789-101-seg_1.jpg
643,BraTS-GLI-02789-101-t1n_2.jpg,BraTS-GLI-02789-101-seg_2.jpg
644,BraTS-GLI-02789-101-t1n_3.jpg,BraTS-GLI-02789-101-seg_3.jpg
645,BraTS-GLI-02790-100-t1n_1.jpg,BraTS-GLI-02790-100-seg_1.jpg
646,BraTS-GLI-02790-100-t1n_2.jpg,BraTS-GLI-02790-100-seg_2.jpg
647,BraTS-GLI-02790-100-t1n_3.jpg,BraTS-GLI-02790-100-seg_3.jpg
648,BraTS-GLI-02790-101-t1n_1.jpg,BraTS-GLI-02790-101-seg_1.jpg
649,BraTS-GLI-02790-101-t1n_2.jpg,BraTS-GLI-02790-101-seg_2.jpg
650,BraTS-GLI-02790-101-t1n_3.jpg,BraTS-GLI-02790-101-seg_3.jpg
651,BraTS-GLI-02791-100-t1n_1.jpg,BraTS-GLI-02791-100-seg_1.jpg
652,BraTS-GLI-02791-100-t1n_2.jpg,BraTS-GLI-02791-100-seg_2.jpg
653,BraTS-GLI-02791-100-t1n_3.jpg,BraTS-GLI-02791-100-seg_3.jpg
654,BraTS-GLI-02791-101-t1n_1.jpg,BraTS-GLI-02791-101-seg_1.jpg
655,BraTS-GLI-02791-101-t1n_2.jpg,BraTS-GLI-02791-101-seg_2.jpg
656,BraTS-GLI-02791-101-t1n_3.jpg,BraTS-GLI-02791-101-seg_3.jpg
657,BraTS-GLI-02792-100-t1n_1.jpg,BraTS-GLI-02792-100-seg_1.jpg
658,BraTS-GLI-02792-100-t1n_2.jpg,BraTS-GLI-02792-100-seg_2.jpg
659,BraTS-GLI-02792-100-t1n_3.jpg,BraTS-GLI-02792-100-seg_3.jpg
660,BraTS-GLI-02792-101-t1n_1.jpg,BraTS-GLI-02792-101-seg_1.jpg
661,BraTS-GLI-02792-101-t1n_2.jpg,BraTS-GLI-02792-101-seg_2.jpg
662,BraTS-GLI-02792-101-t1n_3.jpg,BraTS-GLI-02792-101-seg_3.jpg
663,BraTS-GLI-02793-100-t1n_1.jpg,BraTS-GLI-02793-100-seg_1.jpg
664,BraTS-GLI-02793-100-t1n_2.jpg,BraTS-GLI-02793-100-seg_2.jpg
665,BraTS-GLI-02793-100-t1n_3.jpg,BraTS-GLI-02793-100-seg_3.jpg
666,BraTS-GLI-02793-101-t1n_1.jpg,BraTS-GLI-02793-101-seg_1.jpg
667,BraTS-GLI-02793-101-t1n_2.jpg,BraTS-GLI-02793-101-seg_2.jpg
668,BraTS-GLI-02793-101-t1n_3.jpg,BraTS-GLI-02793-101-seg_3.jpg
669,BraTS-GLI-02794-100-t1n_1.jpg,BraTS-GLI-02794-100-seg_1.jpg
670,BraTS-GLI-02794-100-t1n_2.jpg,BraTS-GLI-02794-100-seg_2.jpg
671,BraTS-GLI-02794-100-t1n_3.jpg,BraTS-GLI-02794-100-seg_3.jpg
672,BraTS-GLI-02794-101-t1n_1.jpg,BraTS-GLI-02794-101-seg_1.jpg
673,BraTS-GLI-02794-101-t1n_2.jpg,BraTS-GLI-02794-101-seg_2.jpg
674,BraTS-GLI-02794-101-t1n_3.jpg,BraTS-GLI-02794-101-seg_3.jpg
675,BraTS-GLI-02795-100-t1n_1.jpg,BraTS-GLI-02795-100-seg_1.jpg
676,BraTS-GLI-02795-100-t1n_2.jpg,BraTS-GLI-02795-100-seg_2.jpg
677,BraTS-GLI-02795-100-t1n_3.jpg,BraTS-GLI-02795-100-seg_3.jpg
678,BraTS-GLI-02795-101-t1n_1.jpg,BraTS-GLI-02795-101-seg_1.jpg
679,BraTS-GLI-02795-101-t1n_2.jpg,BraTS-GLI-02795-101-seg_2.jpg
680,BraTS-GLI-02795-101-t1n_3.jpg,BraTS-GLI-02795-101-seg_3.jpg
681,BraTS-GLI-02796-100-t1n_1.jpg,BraTS-GLI-02796-100-seg_1.jpg
682,BraTS-GLI-02796-100-t1n_2.jpg,BraTS-GLI-02796-100-seg_2.jpg
683,BraTS-GLI-02796-100-t1n_3.jpg,BraTS-GLI-02796-100-seg_3.jpg
684,BraTS-GLI-02796-101-t1n_1.jpg,BraTS-GLI-02796-101-seg_1.jpg
685,BraTS-GLI-02796-101-t1n_2.jpg,BraTS-GLI-02796-101-seg_2.jpg
686,BraTS-GLI-02796-101-t1n_3.jpg,BraTS-GLI-02796-101-seg_3.jpg
687,BraTS-GLI-02797-100-t1n_1.jpg,BraTS-GLI-02797-100-seg_1.jpg
688,BraTS-GLI-02797-100-t1n_2.jpg,BraTS-GLI-02797-100-seg_2.jpg
689,BraTS-GLI-02797-100-t1n_3.jpg,BraTS-GLI-02797-100-seg_3.jpg
690,BraTS-GLI-02797-101-t1n_1.jpg,BraTS-GLI-02797-101-seg_1.jpg
691,BraTS-GLI-02797-101-t1n_2.jpg,BraTS-GLI-02797-101-seg_2.jpg
692,BraTS-GLI-02797-101-t1n_3.jpg,BraTS-GLI-02797-101-seg_3.jpg
693,BraTS-GLI-02798-100-t1n_1.jpg,BraTS-GLI-02798-100-seg_1.jpg
694,BraTS-GLI-02798-100-t1n_2.jpg,BraTS-GLI-02798-100-seg_2.jpg
695,BraTS-GLI-02798-100-t1n_3.jpg,BraTS-GLI-02798-100-seg_3.jpg
696,BraTS-GLI-02798-101-t1n_1.jpg,BraTS-GLI-02798-101-seg_1.jpg
697,BraTS-GLI-02798-101-t1n_2.jpg,BraTS-GLI-02798-101-seg_2.jpg
698,BraTS-GLI-02798-101-t1n_3.jpg,BraTS-GLI-02798-101-seg_3.jpg
699,BraTS-GLI-02799-100-t1n_1.jpg,BraTS-GLI-02799-100-seg_1.jpg
700,BraTS-GLI-02799-100-t1n_2.jpg,BraTS-GLI-02799-100-seg_2.jpg
701,BraTS-GLI-02799-100-t1n_3.jpg,BraTS-GLI-02799-100-seg_3.jpg
702,BraTS-GLI-02799-101-t1n_1.jpg,BraTS-GLI-02799-101-seg_1.jpg
703,BraTS-GLI-02799-101-t1n_2.jpg,BraTS-GLI-02799-101-seg_2.jpg
704,BraTS-GLI-02799-101-t1n_3.jpg,BraTS-GLI-02799-101-seg_3.jpg
705,BraTS-GLI-02800-100-t1n_1.jpg,BraTS-GLI-02800-100-seg_1.jpg
706,BraTS-GLI-02800-100-t1n_2.jpg,BraTS-GLI-02800-100-seg_2.jpg
707,BraTS-GLI-02800-100-t1n_3.jpg,BraTS-GLI-02800-100-seg_3.jpg
708,BraTS-GLI-02800-101-t1n_1.jpg,BraTS-GLI-02800-101-seg_1.jpg
709,BraTS-GLI-02800-101-t1n_2.jpg,BraTS-GLI-02800-101-seg_2.jpg
710,BraTS-GLI-02800-101-t1n_3.jpg,BraTS-GLI-02800-101-seg_3.jpg
711,BraTS-GLI-02801-100-t1n_1.jpg,BraTS-GLI-02801-100-seg_1.jpg
712,BraTS-GLI-02801-100-t1n_2.jpg,BraTS-GLI-02801-100-seg_2.jpg
713,BraTS-GLI-02801-100-t1n_3.jpg,BraTS-GLI-02801-100-seg_3.jpg
714,BraTS-GLI-02801-101-t1n_1.jpg,BraTS-GLI-02801-101-seg_1.jpg
715,BraTS-GLI-02801-101-t1n_2.jpg,BraTS-GLI-02801-101-seg_2.jpg
716,BraTS-GLI-02801-101-t1n_3.jpg,BraTS-GLI-02801-101-seg_3.jpg
717,BraTS-GLI-02802-100-t1n_1.jpg,BraTS-GLI-02802-100-seg_1.jpg
718,BraTS-GLI-02802-100-t1n_2.jpg,BraTS-GLI-02802-100-seg_2.jpg
719,BraTS-GLI-02802-100-t1n_3.jpg,BraTS-GLI-02802-100-seg_3.jpg
720,BraTS-GLI-02802-101-t1n_1.jpg,BraTS-GLI-02802-101-seg_1.jpg
721,BraTS-GLI-02802-101-t1n_2.jpg,BraTS-GLI-02802-101-seg_2.jpg
722,BraTS-GLI-02802-101-t1n_3.jpg,BraTS-GLI-02802-101-seg_3.jpg
723,BraTS-GLI-02803-100-t1n_1.jpg,BraTS-GLI-02803-100-seg_1.jpg
724,BraTS-GLI-02803-100-t1n_2.jpg,BraTS-GLI-02803-100-seg_2.jpg
725,BraTS-GLI-02803-100-t1n_3.jpg,BraTS-GLI-02803-100-seg_3.jpg
726,BraTS-GLI-02803-101-t1n_1.jpg,BraTS-GLI-02803-101-seg_1.jpg
727,BraTS-GLI-02803-101-t1n_2.jpg,BraTS-GLI-02803-101-seg_2.jpg
728,BraTS-GLI-02803-101-t1n_3.jpg,BraTS-GLI-02803-101-seg_3.jpg
729,BraTS-GLI-02804-100-t1n_1.jpg,BraTS-GLI-02804-100-seg_1.jpg
730,BraTS-GLI-02804-100-t1n_2.jpg,BraTS-GLI-02804-100-seg_2.jpg
731,BraTS-GLI-02804-100-t1n_3.jpg,BraTS-GLI-02804-100-seg_3.jpg
732,BraTS-GLI-02804-101-t1n_1.jpg,BraTS-GLI-02804-101-seg_1.jpg
733,BraTS-GLI-02804-101-t1n_2.jpg,BraTS-GLI-02804-101-seg_2.jpg
734,BraTS-GLI-02804-101-t1n_3.jpg,BraTS-GLI-02804-101-seg_3.jpg
735,BraTS-GLI-02805-100-t1n_1.jpg,BraTS-GLI-02805-100-seg_1.jpg
736,BraTS-GLI-02805-100-t1n_2.jpg,BraTS-GLI-02805-100-seg_2.jpg
737,BraTS-GLI-02805-100-t1n_3.jpg,BraTS-GLI-02805-100-seg_3.jpg
738,BraTS-GLI-02805-101-t1n_1.jpg,BraTS-GLI-02805-101-seg_1.jpg
739,BraTS-GLI-02805-101-t1n_2.jpg,BraTS-GLI-02805-101-seg_2.jpg
740,BraTS-GLI-02805-101-t1n_3.jpg,BraTS-GLI-02805-101-seg_3.jpg
741,BraTS-GLI-02806-100-t1n_1.jpg,BraTS-GLI-02806-100-seg_1.jpg
742,BraTS-GLI-02806-100-t1n_2.jpg,BraTS-GLI-02806-100-seg_2.jpg
743,BraTS-GLI-02806-100-t1n_3.jpg,BraTS-GLI-02806-100-seg_3.jpg
744,BraTS-GLI-02806-101-t1n_1.jpg,BraTS-GLI-02806-101-seg_1.jpg
745,BraTS-GLI-02806-101-t1n_2.jpg,BraTS-GLI-02806-101-seg_2.jpg
746,BraTS-GLI-02806-101-t1n_3.jpg,BraTS-GLI-02806-101-seg_3.jpg
747,BraTS-GLI-02808-100-t1n_1.jpg,BraTS-GLI-02808-100-seg_1.jpg
748,BraTS-GLI-02808-100-t1n_2.jpg,BraTS-GLI-02808-100-seg_2.jpg
749,BraTS-GLI-02808-100-t1n_3.jpg,BraTS-GLI-02808-100-seg_3.jpg
750,BraTS-GLI-02808-101-t1n_1.jpg,BraTS-GLI-02808-101-seg_1.jpg
751,BraTS-GLI-02808-101-t1n_2.jpg,BraTS-GLI-02808-101-seg_2.jpg
752,BraTS-GLI-02808-101-t1n_3.jpg,BraTS-GLI-02808-101-seg_3.jpg
753,BraTS-GLI-02809-100-t1n_1.jpg,BraTS-GLI-02809-100-seg_1.jpg
754,BraTS-GLI-02809-100-t1n_2.jpg,BraTS-GLI-02809-100-seg_2.jpg
755,BraTS-GLI-02809-100-t1n_3.jpg,BraTS-GLI-02809-100-seg_3.jpg
756,BraTS-GLI-02809-101-t1n_1.jpg,BraTS-GLI-02809-101-seg_1.jpg
757,BraTS-GLI-02809-101-t1n_2.jpg,BraTS-GLI-02809-101-seg_2.jpg
758,BraTS-GLI-02809-101-t1n_3.jpg,BraTS-GLI-02809-101-seg_3.jpg
759,BraTS-GLI-02810-100-t1n_1.jpg,BraTS-GLI-02810-100-seg_1.jpg
760,BraTS-GLI-02810-100-t1n_2.jpg,BraTS-GLI-02810-100-seg_2.jpg
761,BraTS-GLI-02810-100-t1n_3.jpg,BraTS-GLI-02810-100-seg_3.jpg
762,BraTS-GLI-02810-101-t1n_1.jpg,BraTS-GLI-02810-101-seg_1.jpg
763,BraTS-GLI-02810-101-t1n_2.jpg,BraTS-GLI-02810-101-seg_2.jpg
764,BraTS-GLI-02810-101-t1n_3.jpg,BraTS-GLI-02810-101-seg_3.jpg
765,BraTS-GLI-02813-100-t1n_1.jpg,BraTS-GLI-02813-100-seg_1.jpg
766,BraTS-GLI-02813-100-t1n_2.jpg,BraTS-GLI-02813-100-seg_2.jpg
767,BraTS-GLI-02813-100-t1n_3.jpg,BraTS-GLI-02813-100-seg_3.jpg
768,BraTS-GLI-02813-101-t1n_1.jpg,BraTS-GLI-02813-101-seg_1.jpg
769,BraTS-GLI-02813-101-t1n_2.jpg,BraTS-GLI-02813-101-seg_2.jpg
770,BraTS-GLI-02813-101-t1n_3.jpg,BraTS-GLI-02813-101-seg_3.jpg
771,BraTS-GLI-02816-100-t1n_1.jpg,BraTS-GLI-02816-100-seg_1.jpg
772,BraTS-GLI-02816-100-t1n_2.jpg,BraTS-GLI-02816-100-seg_2.jpg
773,BraTS-GLI-02816-100-t1n_3.jpg,BraTS-GLI-02816-100-seg_3.jpg
774,BraTS-GLI-02816-101-t1n_1.jpg,BraTS-GLI-02816-101-seg_1.jpg
775,BraTS-GLI-02816-101-t1n_2.jpg,BraTS-GLI-02816-101-seg_2.jpg
776,BraTS-GLI-02816-101-t1n_3.jpg,BraTS-GLI-02816-101-seg_3.jpg
777,BraTS-GLI-02817-100-t1n_1.jpg,BraTS-GLI-02817-100-seg_1.jpg
778,BraTS-GLI-02817-100-t1n_2.jpg,BraTS-GLI-02817-100-seg_2.jpg
779,BraTS-GLI-02817-100-t1n_3.jpg,BraTS-GLI-02817-100-seg_3.jpg
780,BraTS-GLI-02817-101-t1n_1.jpg,BraTS-GLI-02817-101-seg_1.jpg
781,BraTS-GLI-02817-101-t1n_2.jpg,BraTS-GLI-02817-101-seg_2.jpg
782,BraTS-GLI-02817-101-t1n_3.jpg,BraTS-GLI-02817-101-seg_3.jpg
783,BraTS-GLI-02818-100-t1n_1.jpg,BraTS-GLI-02818-100-seg_1.jpg
784,BraTS-GLI-02818-100-t1n_2.jpg,BraTS-GLI-02818-100-seg_2.jpg
785,BraTS-GLI-02818-100-t1n_3.jpg,BraTS-GLI-02818-100-seg_3.jpg
786,BraTS-GLI-02818-101-t1n_1.jpg,BraTS-GLI-02818-101-seg_1.jpg
787,BraTS-GLI-02818-101-t1n_2.jpg,BraTS-GLI-02818-101-seg_2.jpg
788,BraTS-GLI-02818-101-t1n_3.jpg,BraTS-GLI-02818-101-seg_3.jpg
789,BraTS-GLI-02819-100-t1n_1.jpg,BraTS-GLI-02819-100-seg_1.jpg
790,BraTS-GLI-02819-100-t1n_2.jpg,BraTS-GLI-02819-100-seg_2.jpg
791,BraTS-GLI-02819-100-t1n_3.jpg,BraTS-GLI-02819-100-seg_3.jpg
792,BraTS-GLI-02819-101-t1n_1.jpg,BraTS-GLI-02819-101-seg_1.jpg
793,BraTS-GLI-02819-101-t1n_2.jpg,BraTS-GLI-02819-101-seg_2.jpg
794,BraTS-GLI-02819-101-t1n_3.jpg,BraTS-GLI-02819-101-seg_3.jpg
795,BraTS-GLI-02820-100-t1n_1.jpg,BraTS-GLI-02820-100-seg_1.jpg
796,BraTS-GLI-02820-100-t1n_2.jpg,BraTS-GLI-02820-100-seg_2.jpg
797,BraTS-GLI-02820-100-t1n_3.jpg,BraTS-GLI-02820-100-seg_3.jpg
798,BraTS-GLI-02820-101-t1n_1.jpg,BraTS-GLI-02820-101-seg_1.jpg
799,BraTS-GLI-02820-101-t1n_2.jpg,BraTS-GLI-02820-101-seg_2.jpg
800,BraTS-GLI-02820-101-t1n_3.jpg,BraTS-GLI-02820-101-seg_3.jpg
801,BraTS-GLI-02821-100-t1n_1.jpg,BraTS-GLI-02821-100-seg_1.jpg
802,BraTS-GLI-02821-100-t1n_2.jpg,BraTS-GLI-02821-100-seg_2.jpg
803,BraTS-GLI-02821-100-t1n_3.jpg,BraTS-GLI-02821-100-seg_3.jpg
804,BraTS-GLI-02821-101-t1n_1.jpg,BraTS-GLI-02821-101-seg_1.jpg
805,BraTS-GLI-02821-101-t1n_2.jpg,BraTS-GLI-02821-101-seg_2.jpg
806,BraTS-GLI-02821-101-t1n_3.jpg,BraTS-GLI-02821-101-seg_3.jpg
807,BraTS-GLI-02822-100-t1n_1.jpg,BraTS-GLI-02822-100-seg_1.jpg
808,BraTS-GLI-02822-100-t1n_2.jpg,BraTS-GLI-02822-100-seg_2.jpg
809,BraTS-GLI-02822-100-t1n_3.jpg,BraTS-GLI-02822-100-seg_3.jpg
810,BraTS-GLI-02822-101-t1n_1.jpg,BraTS-GLI-02822-101-seg_1.jpg
811,BraTS-GLI-02822-101-t1n_2.jpg,BraTS-GLI-02822-101-seg_2.jpg
812,BraTS-GLI-02822-101-t1n_3.jpg,BraTS-GLI-02822-101-seg_3.jpg
813,BraTS-GLI-02823-100-t1n_1.jpg,BraTS-GLI-02823-100-seg_1.jpg
814,BraTS-GLI-02823-100-t1n_2.jpg,BraTS-GLI-02823-100-seg_2.jpg
815,BraTS-GLI-02823-100-t1n_3.jpg,BraTS-GLI-02823-100-seg_3.jpg
816,BraTS-GLI-02823-101-t1n_1.jpg,BraTS-GLI-02823-101-seg_1.jpg
817,BraTS-GLI-02823-101-t1n_2.jpg,BraTS-GLI-02823-101-seg_2.jpg
818,BraTS-GLI-02823-101-t1n_3.jpg,BraTS-GLI-02823-101-seg_3.jpg
819,BraTS-GLI-02824-100-t1n_1.jpg,BraTS-GLI-02824-100-seg_1.jpg
820,BraTS-GLI-02824-100-t1n_2.jpg,BraTS-GLI-02824-100-seg_2.jpg
821,BraTS-GLI-02824-100-t1n_3.jpg,BraTS-GLI-02824-100-seg_3.jpg
822,BraTS-GLI-02824-101-t1n_1.jpg,BraTS-GLI-02824-101-seg_1.jpg
823,BraTS-GLI-02824-101-t1n_2.jpg,BraTS-GLI-02824-101-seg_2.jpg
824,BraTS-GLI-02824-101-t1n_3.jpg,BraTS-GLI-02824-101-seg_3.jpg
825,BraTS-GLI-02826-100-t1n_1.jpg,BraTS-GLI-02826-100-seg_1.jpg
826,BraTS-GLI-02826-100-t1n_2.jpg,BraTS-GLI-02826-100-seg_2.jpg
827,BraTS-GLI-02826-100-t1n_3.jpg,BraTS-GLI-02826-100-seg_3.jpg
828,BraTS-GLI-02826-101-t1n_1.jpg,BraTS-GLI-02826-101-seg_1.jpg
829,BraTS-GLI-02826-101-t1n_2.jpg,BraTS-GLI-02826-101-seg_2.jpg
830,BraTS-GLI-02826-101-t1n_3.jpg,BraTS-GLI-02826-101-seg_3.jpg
831,BraTS-GLI-02827-100-t1n_1.jpg,BraTS-GLI-02827-100-seg_1.jpg
832,BraTS-GLI-02827-100-t1n_2.jpg,BraTS-GLI-02827-100-seg_2.jpg
833,BraTS-GLI-02827-100-t1n_3.jpg,BraTS-GLI-02827-100-seg_3.jpg
834,BraTS-GLI-02827-101-t1n_1.jpg,BraTS-GLI-02827-101-seg_1.jpg
835,BraTS-GLI-02827-101-t1n_2.jpg,BraTS-GLI-02827-101-seg_2.jpg
836,BraTS-GLI-02827-101-t1n_3.jpg,BraTS-GLI-02827-101-seg_3.jpg
837,BraTS-GLI-02828-100-t1n_1.jpg,BraTS-GLI-02828-100-seg_1.jpg
838,BraTS-GLI-02828-100-t1n_2.jpg,BraTS-GLI-02828-100-seg_2.jpg
839,BraTS-GLI-02828-100-t1n_3.jpg,BraTS-GLI-02828-100-seg_3.jpg
840,BraTS-GLI-02828-101-t1n_1.jpg,BraTS-GLI-02828-101-seg_1.jpg
841,BraTS-GLI-02828-101-t1n_2.jpg,BraTS-GLI-02828-101-seg_2.jpg
842,BraTS-GLI-02828-101-t1n_3.jpg,BraTS-GLI-02828-101-seg_3.jpg
843,BraTS-GLI-02829-100-t1n_1.jpg,BraTS-GLI-02829-100-seg_1.jpg
844,BraTS-GLI-02829-100-t1n_2.jpg,BraTS-GLI-02829-100-seg_2.jpg
845,BraTS-GLI-02829-100-t1n_3.jpg,BraTS-GLI-02829-100-seg_3.jpg
846,BraTS-GLI-02829-101-t1n_1.jpg,BraTS-GLI-02829-101-seg_1.jpg
847,BraTS-GLI-02829-101-t1n_2.jpg,BraTS-GLI-02829-101-seg_2.jpg
848,BraTS-GLI-02829-101-t1n_3.jpg,BraTS-GLI-02829-101-seg_3.jpg
849,BraTS-GLI-02830-100-t1n_1.jpg,BraTS-GLI-02830-100-seg_1.jpg
850,BraTS-GLI-02830-100-t1n_2.jpg,BraTS-GLI-02830-100-seg_2.jpg
851,BraTS-GLI-02830-100-t1n_3.jpg,BraTS-GLI-02830-100-seg_3.jpg
852,BraTS-GLI-02830-101-t1n_1.jpg,BraTS-GLI-02830-101-seg_1.jpg
853,BraTS-GLI-02830-101-t1n_2.jpg,BraTS-GLI-02830-101-seg_2.jpg
854,BraTS-GLI-02830-101-t1n_3.jpg,BraTS-GLI-02830-101-seg_3.jpg
855,BraTS-GLI-02831-100-t1n_1.jpg,BraTS-GLI-02831-100-seg_1.jpg
856,BraTS-GLI-02831-100-t1n_2.jpg,BraTS-GLI-02831-100-seg_2.jpg
857,BraTS-GLI-02831-100-t1n_3.jpg,BraTS-GLI-02831-100-seg_3.jpg
858,BraTS-GLI-02831-101-t1n_1.jpg,BraTS-GLI-02831-101-seg_1.jpg
859,BraTS-GLI-02831-101-t1n_2.jpg,BraTS-GLI-02831-101-seg_2.jpg
860,BraTS-GLI-02831-101-t1n_3.jpg,BraTS-GLI-02831-101-seg_3.jpg
861,BraTS-GLI-02832-100-t1n_1.jpg,BraTS-GLI-02832-100-seg_1.jpg
862,BraTS-GLI-02832-100-t1n_2.jpg,BraTS-GLI-02832-100-seg_2.jpg
863,BraTS-GLI-02832-100-t1n_3.jpg,BraTS-GLI-02832-100-seg_3.jpg
864,BraTS-GLI-02832-101-t1n_1.jpg,BraTS-GLI-02832-101-seg_1.jpg
865,BraTS-GLI-02832-101-t1n_2.jpg,BraTS-GLI-02832-101-seg_2.jpg
866,BraTS-GLI-02832-101-t1n_3.jpg,BraTS-GLI-02832-101-seg_3.jpg
867,BraTS-GLI-02833-100-t1n_1.jpg,BraTS-GLI-02833-100-seg_1.jpg
868,BraTS-GLI-02833-100-t1n_2.jpg,BraTS-GLI-02833-100-seg_2.jpg
869,BraTS-GLI-02833-100-t1n_3.jpg,BraTS-GLI-02833-100-seg_3.jpg
870,BraTS-GLI-02833-101-t1n_1.jpg,BraTS-GLI-02833-101-seg_1.jpg
871,BraTS-GLI-02833-101-t1n_2.jpg,BraTS-GLI-02833-101-seg_2.jpg
872,BraTS-GLI-02833-101-t1n_3.jpg,BraTS-GLI-02833-101-seg_3.jpg
873,BraTS-GLI-02834-100-t1n_1.jpg,BraTS-GLI-02834-100-seg_1.jpg
874,BraTS-GLI-02834-100-t1n_2.jpg,BraTS-GLI-02834-100-seg_2.jpg
875,BraTS-GLI-02834-100-t1n_3.jpg,BraTS-GLI-02834-100-seg_3.jpg
876,BraTS-GLI-02834-101-t1n_1.jpg,BraTS-GLI-02834-101-seg_1.jpg
877,BraTS-GLI-02834-101-t1n_2.jpg,BraTS-GLI-02834-101-seg_2.jpg
878,BraTS-GLI-02834-101-t1n_3.jpg,BraTS-GLI-02834-101-seg_3.jpg
879,BraTS-GLI-02835-100-t1n_1.jpg,BraTS-GLI-02835-100-seg_1.jpg
880,BraTS-GLI-02835-100-t1n_2.jpg,BraTS-GLI-02835-100-seg_2.jpg
881,BraTS-GLI-02835-100-t1n_3.jpg,BraTS-GLI-02835-100-seg_3.jpg
882,BraTS-GLI-02835-101-t1n_1.jpg,BraTS-GLI-02835-101-seg_1.jpg
883,BraTS-GLI-02835-101-t1n_2.jpg,BraTS-GLI-02835-101-seg_2.jpg
884,BraTS-GLI-02835-101-t1n_3.jpg,BraTS-GLI-02835-101-seg_3.jpg
885,BraTS-GLI-02836-100-t1n_1.jpg,BraTS-GLI-02836-100-seg_1.jpg
886,BraTS-GLI-02836-100-t1n_2.jpg,BraTS-GLI-02836-100-seg_2.jpg
887,BraTS-GLI-02836-100-t1n_3.jpg,BraTS-GLI-02836-100-seg_3.jpg
888,BraTS-GLI-02836-101-t1n_1.jpg,BraTS-GLI-02836-101-seg_1.jpg
889,BraTS-GLI-02836-101-t1n_2.jpg,BraTS-GLI-02836-101-seg_2.jpg
890,BraTS-GLI-02836-101-t1n_3.jpg,BraTS-GLI-02836-101-seg_3.jpg
891,BraTS-GLI-02837-100-t1n_1.jpg,BraTS-GLI-02837-100-seg_1.jpg
892,BraTS-GLI-02837-100-t1n_2.jpg,BraTS-GLI-02837-100-seg_2.jpg
893,BraTS-GLI-02837-100-t1n_3.jpg,BraTS-GLI-02837-100-seg_3.jpg
894,BraTS-GLI-02837-101-t1n_1.jpg,BraTS-GLI-02837-101-seg_1.jpg
895,BraTS-GLI-02837-101-t1n_2.jpg,BraTS-GLI-02837-101-seg_2.jpg
896,BraTS-GLI-02837-101-t1n_3.jpg,BraTS-GLI-02837-101-seg_3.jpg
897,BraTS-GLI-02838-100-t1n_1.jpg,BraTS-GLI-02838-100-seg_1.jpg
898,BraTS-GLI-02838-100-t1n_2.jpg,BraTS-GLI-02838-100-seg_2.jpg
899,BraTS-GLI-02838-100-t1n_3.jpg,BraTS-GLI-02838-100-seg_3.jpg
900,BraTS-GLI-02838-101-t1n_1.jpg,BraTS-GLI-02838-101-seg_1.jpg
901,BraTS-GLI-02838-101-t1n_2.jpg,BraTS-GLI-02838-101-seg_2.jpg
902,BraTS-GLI-02838-101-t1n_3.jpg,BraTS-GLI-02838-101-seg_3.jpg
903,BraTS-GLI-02839-100-t1n_1.jpg,BraTS-GLI-02839-100-seg_1.jpg
904,BraTS-GLI-02839-100-t1n_2.jpg,BraTS-GLI-02839-100-seg_2.jpg
905,BraTS-GLI-02839-100-t1n_3.jpg,BraTS-GLI-02839-100-seg_3.jpg
906,BraTS-GLI-02839-101-t1n_1.jpg,BraTS-GLI-02839-101-seg_1.jpg
907,BraTS-GLI-02839-101-t1n_2.jpg,BraTS-GLI-02839-101-seg_2.jpg
908,BraTS-GLI-02839-101-t1n_3.jpg,BraTS-GLI-02839-101-seg_3.jpg
909,BraTS-GLI-02840-100-t1n_1.jpg,BraTS-GLI-02840-100-seg_1.jpg
910,BraTS-GLI-02840-100-t1n_2.jpg,BraTS-GLI-02840-100-seg_2.jpg
911,BraTS-GLI-02840-100-t1n_3.jpg,BraTS-GLI-02840-100-seg_3.jpg
912,BraTS-GLI-02840-101-t1n_1.jpg,BraTS-GLI-02840-101-seg_1.jpg
913,BraTS-GLI-02840-101-t1n_2.jpg,BraTS-GLI-02840-101-seg_2.jpg
914,BraTS-GLI-02840-101-t1n_3.jpg,BraTS-GLI-02840-101-seg_3.jpg
915,BraTS-GLI-02842-100-t1n_1.jpg,BraTS-GLI-02842-100-seg_1.jpg
916,BraTS-GLI-02842-100-t1n_2.jpg,BraTS-GLI-02842-100-seg_2.jpg
917,BraTS-GLI-02842-100-t1n_3.jpg,BraTS-GLI-02842-100-seg_3.jpg
918,BraTS-GLI-02842-101-t1n_1.jpg,BraTS-GLI-02842-101-seg_1.jpg
919,BraTS-GLI-02842-101-t1n_2.jpg,BraTS-GLI-02842-101-seg_2.jpg
920,BraTS-GLI-02842-101-t1n_3.jpg,BraTS-GLI-02842-101-seg_3.jpg
921,BraTS-GLI-02843-100-t1n_1.jpg,BraTS-GLI-02843-100-seg_1.jpg
922,BraTS-GLI-02843-100-t1n_2.jpg,BraTS-GLI-02843-100-seg_2.jpg
923,BraTS-GLI-02843-100-t1n_3.jpg,BraTS-GLI-02843-100-seg_3.jpg
924,BraTS-GLI-02843-101-t1n_1.jpg,BraTS-GLI-02843-101-seg_1.jpg
925,BraTS-GLI-02843-101-t1n_2.jpg,BraTS-GLI-02843-101-seg_2.jpg
926,BraTS-GLI-02843-101-t1n_3.jpg,BraTS-GLI-02843-101-seg_3.jpg
927,BraTS-GLI-02844-100-t1n_1.jpg,BraTS-GLI-02844-100-seg_1.jpg
928,BraTS-GLI-02844-100-t1n_2.jpg,BraTS-GLI-02844-100-seg_2.jpg
929,BraTS-GLI-02844-100-t1n_3.jpg,BraTS-GLI-02844-100-seg_3.jpg
930,BraTS-GLI-02844-101-t1n_1.jpg,BraTS-GLI-02844-101-seg_1.jpg
931,BraTS-GLI-02844-101-t1n_2.jpg,BraTS-GLI-02844-101-seg_2.jpg
932,BraTS-GLI-02844-101-t1n_3.jpg,BraTS-GLI-02844-101-seg_3.jpg
933,BraTS-GLI-02845-100-t1n_1.jpg,BraTS-GLI-02845-100-seg_1.jpg
934,BraTS-GLI-02845-100-t1n_2.jpg,BraTS-GLI-02845-100-seg_2.jpg
935,BraTS-GLI-02845-100-t1n_3.jpg,BraTS-GLI-02845-100-seg_3.jpg
936,BraTS-GLI-02845-101-t1n_1.jpg,BraTS-GLI-02845-101-seg_1.jpg
937,BraTS-GLI-02845-101-t1n_2.jpg,BraTS-GLI-02845-101-seg_2.jpg
938,BraTS-GLI-02845-101-t1n_3.jpg,BraTS-GLI-02845-101-seg_3.jpg
939,BraTS-GLI-02846-100-t1n_1.jpg,BraTS-GLI-02846-100-seg_1.jpg
940,BraTS-GLI-02846-100-t1n_2.jpg,BraTS-GLI-02846-100-seg_2.jpg
941,BraTS-GLI-02846-100-t1n_3.jpg,BraTS-GLI-02846-100-seg_3.jpg
942,BraTS-GLI-02846-101-t1n_1.jpg,BraTS-GLI-02846-101-seg_1.jpg
943,BraTS-GLI-02846-101-t1n_2.jpg,BraTS-GLI-02846-101-seg_2.jpg
944,BraTS-GLI-02846-101-t1n_3.jpg,BraTS-GLI-02846-101-seg_3.jpg
945,BraTS-GLI-02847-100-t1n_1.jpg,BraTS-GLI-02847-100-seg_1.jpg
946,BraTS-GLI-02847-100-t1n_2.jpg,BraTS-GLI-02847-100-seg_2.jpg
947,BraTS-GLI-02847-100-t1n_3.jpg,BraTS-GLI-02847-100-seg_3.jpg
948,BraTS-GLI-02847-101-t1n_1.jpg,BraTS-GLI-02847-101-seg_1.jpg
949,BraTS-GLI-02847-101-t1n_2.jpg,BraTS-GLI-02847-101-seg_2.jpg
950,BraTS-GLI-02847-101-t1n_3.jpg,BraTS-GLI-02847-101-seg_3.jpg
951,BraTS-GLI-02848-100-t1n_1.jpg,BraTS-GLI-02848-100-seg_1.jpg
952,BraTS-GLI-02848-100-t1n_2.jpg,BraTS-GLI-02848-100-seg_2.jpg
953,BraTS-GLI-02848-100-t1n_3.jpg,BraTS-GLI-02848-100-seg_3.jpg
954,BraTS-GLI-02848-101-t1n_1.jpg,BraTS-GLI-02848-101-seg_1.jpg
955,BraTS-GLI-02848-101-t1n_2.jpg,BraTS-GLI-02848-101-seg_2.jpg
956,BraTS-GLI-02848-101-t1n_3.jpg,BraTS-GLI-02848-101-seg_3.jpg
957,BraTS-GLI-02849-100-t1n_1.jpg,BraTS-GLI-02849-100-seg_1.jpg
958,BraTS-GLI-02849-100-t1n_2.jpg,BraTS-GLI-02849-100-seg_2.jpg
959,BraTS-GLI-02849-100-t1n_3.jpg,BraTS-GLI-02849-100-seg_3.jpg
960,BraTS-GLI-02849-101-t1n_1.jpg,BraTS-GLI-02849-101-seg_1.jpg
961,BraTS-GLI-02849-101-t1n_2.jpg,BraTS-GLI-02849-101-seg_2.jpg
962,BraTS-GLI-02849-101-t1n_3.jpg,BraTS-GLI-02849-101-seg_3.jpg
963,BraTS-GLI-02851-100-t1n_1.jpg,BraTS-GLI-02851-100-seg_1.jpg
964,BraTS-GLI-02851-100-t1n_2.jpg,BraTS-GLI-02851-100-seg_2.jpg
965,BraTS-GLI-02851-100-t1n_3.jpg,BraTS-GLI-02851-100-seg_3.jpg
966,BraTS-GLI-02851-101-t1n_1.jpg,BraTS-GLI-02851-101-seg_1.jpg
967,BraTS-GLI-02851-101-t1n_2.jpg,BraTS-GLI-02851-101-seg_2.jpg
968,BraTS-GLI-02851-101-t1n_3.jpg,BraTS-GLI-02851-101-seg_3.jpg
969,BraTS-GLI-02852-100-t1n_1.jpg,BraTS-GLI-02852-100-seg_1.jpg
970,BraTS-GLI-02852-100-t1n_2.jpg,BraTS-GLI-02852-100-seg_2.jpg
971,BraTS-GLI-02852-100-t1n_3.jpg,BraTS-GLI-02852-100-seg_3.jpg
972,BraTS-GLI-02852-101-t1n_1.jpg,BraTS-GLI-02852-101-seg_1.jpg
973,BraTS-GLI-02852-101-t1n_2.jpg,BraTS-GLI-02852-101-seg_2.jpg
974,BraTS-GLI-02852-101-t1n_3.jpg,BraTS-GLI-02852-101-seg_3.jpg
975,BraTS-GLI-02854-100-t1n_1.jpg,BraTS-GLI-02854-100-seg_1.jpg
976,BraTS-GLI-02854-100-t1n_2.jpg,BraTS-GLI-02854-100-seg_2.jpg
977,BraTS-GLI-02854-100-t1n_3.jpg,BraTS-GLI-02854-100-seg_3.jpg
978,BraTS-GLI-02854-101-t1n_1.jpg,BraTS-GLI-02854-101-seg_1.jpg
979,BraTS-GLI-02854-101-t1n_2.jpg,BraTS-GLI-02854-101-seg_2.jpg
980,BraTS-GLI-02854-101-t1n_3.jpg,BraTS-GLI-02854-101-seg_3.jpg
981,BraTS-GLI-02855-100-t1n_1.jpg,BraTS-GLI-02855-100-seg_1.jpg
982,BraTS-GLI-02855-100-t1n_2.jpg,BraTS-GLI-02855-100-seg_2.jpg
983,BraTS-GLI-02855-100-t1n_3.jpg,BraTS-GLI-02855-100-seg_3.jpg
984,BraTS-GLI-02855-101-t1n_1.jpg,BraTS-GLI-02855-101-seg_1.jpg
985,BraTS-GLI-02855-101-t1n_2.jpg,BraTS-GLI-02855-101-seg_2.jpg
986,BraTS-GLI-02855-101-t1n_3.jpg,BraTS-GLI-02855-101-seg_3.jpg
987,BraTS-GLI-02856-100-t1n_1.jpg,BraTS-GLI-02856-100-seg_1.jpg
988,BraTS-GLI-02856-100-t1n_2.jpg,BraTS-GLI-02856-100-seg_2.jpg
989,BraTS-GLI-02856-100-t1n_3.jpg,BraTS-GLI-02856-100-seg_3.jpg
990,BraTS-GLI-02856-101-t1n_1.jpg,BraTS-GLI-02856-101-seg_1.jpg
991,BraTS-GLI-02856-101-t1n_2.jpg,BraTS-GLI-02856-101-seg_2.jpg
992,BraTS-GLI-02856-101-t1n_3.jpg,BraTS-GLI-02856-101-seg_3.jpg
993,BraTS-GLI-02857-100-t1n_1.jpg,BraTS-GLI-02857-100-seg_1.jpg
994,BraTS-GLI-02857-100-t1n_2.jpg,BraTS-GLI-02857-100-seg_2.jpg
995,BraTS-GLI-02857-100-t1n_3.jpg,BraTS-GLI-02857-100-seg_3.jpg
996,BraTS-GLI-02857-101-t1n_1.jpg,BraTS-GLI-02857-101-seg_1.jpg
997,BraTS-GLI-02857-101-t1n_2.jpg,BraTS-GLI-02857-101-seg_2.jpg
998,BraTS-GLI-02857-101-t1n_3.jpg,BraTS-GLI-02857-101-seg_3.jpg
999,BraTS-GLI-02858-100-t1n_1.jpg,BraTS-GLI-02858-100-seg_1.jpg
1000,BraTS-GLI-02858-100-t1n_2.jpg,BraTS-GLI-02858-100-seg_2.jpg
1001,BraTS-GLI-02858-100-t1n_3.jpg,BraTS-GLI-02858-100-seg_3.jpg
1002,BraTS-GLI-02858-101-t1n_1.jpg,BraTS-GLI-02858-101-seg_1.jpg
1003,BraTS-GLI-02858-101-t1n_2.jpg,BraTS-GLI-02858-101-seg_2.jpg
1004,BraTS-GLI-02858-101-t1n_3.jpg,BraTS-GLI-02858-101-seg_3.jpg
1005,BraTS-GLI-02859-100-t1n_1.jpg,BraTS-GLI-02859-100-seg_1.jpg
1006,BraTS-GLI-02859-100-t1n_2.jpg,BraTS-GLI-02859-100-seg_2.jpg
1007,BraTS-GLI-02859-100-t1n_3.jpg,BraTS-GLI-02859-100-seg_3.jpg
1008,BraTS-GLI-02859-101-t1n_1.jpg,BraTS-GLI-02859-101-seg_1.jpg
1009,BraTS-GLI-02859-101-t1n_2.jpg,BraTS-GLI-02859-101-seg_2.jpg
1010,BraTS-GLI-02859-101-t1n_3.jpg,BraTS-GLI-02859-101-seg_3.jpg
1011,BraTS-GLI-02860-100-t1n_1.jpg,BraTS-GLI-02860-100-seg_1.jpg
1012,BraTS-GLI-02860-100-t1n_2.jpg,BraTS-GLI-02860-100-seg_2.jpg
1013,BraTS-GLI-02860-100-t1n_3.jpg,BraTS-GLI-02860-100-seg_3.jpg
1014,BraTS-GLI-02860-101-t1n_1.jpg,BraTS-GLI-02860-101-seg_1.jpg
1015,BraTS-GLI-02860-101-t1n_2.jpg,BraTS-GLI-02860-101-seg_2.jpg
1016,BraTS-GLI-02860-101-t1n_3.jpg,BraTS-GLI-02860-101-seg_3.jpg
1017,BraTS-GLI-02861-100-t1n_1.jpg,BraTS-GLI-02861-100-seg_1.jpg
1018,BraTS-GLI-02861-100-t1n_2.jpg,BraTS-GLI-02861-100-seg_2.jpg
1019,BraTS-GLI-02861-100-t1n_3.jpg,BraTS-GLI-02861-100-seg_3.jpg
1020,BraTS-GLI-02861-101-t1n_1.jpg,BraTS-GLI-02861-101-seg_1.jpg
1021,BraTS-GLI-02861-101-t1n_2.jpg,BraTS-GLI-02861-101-seg_2.jpg
1022,BraTS-GLI-02861-101-t1n_3.jpg,BraTS-GLI-02861-101-seg_3.jpg
1023,BraTS-GLI-02862-100-t1n_1.jpg,BraTS-GLI-02862-100-seg_1.jpg
1024,BraTS-GLI-02862-100-t1n_2.jpg,BraTS-GLI-02862-100-seg_2.jpg
1025,BraTS-GLI-02862-100-t1n_3.jpg,BraTS-GLI-02862-100-seg_3.jpg
1026,BraTS-GLI-02862-101-t1n_1.jpg,BraTS-GLI-02862-101-seg_1.jpg
1027,BraTS-GLI-02862-101-t1n_2.jpg,BraTS-GLI-02862-101-seg_2.jpg
1028,BraTS-GLI-02862-101-t1n_3.jpg,BraTS-GLI-02862-101-seg_3.jpg
1029,BraTS-GLI-02863-100-t1n_1.jpg,BraTS-GLI-02863-100-seg_1.jpg
1030,BraTS-GLI-02863-100-t1n_2.jpg,BraTS-GLI-02863-100-seg_2.jpg
1031,BraTS-GLI-02863-100-t1n_3.jpg,BraTS-GLI-02863-100-seg_3.jpg
1032,BraTS-GLI-02863-101-t1n_1.jpg,BraTS-GLI-02863-101-seg_1.jpg
1033,BraTS-GLI-02863-101-t1n_2.jpg,BraTS-GLI-02863-101-seg_2.jpg
1034,BraTS-GLI-02863-101-t1n_3.jpg,BraTS-GLI-02863-101-seg_3.jpg
1035,BraTS-GLI-02864-100-t1n_1.jpg,BraTS-GLI-02864-100-seg_1.jpg
1036,BraTS-GLI-02864-100-t1n_2.jpg,BraTS-GLI-02864-100-seg_2.jpg
1037,BraTS-GLI-02864-100-t1n_3.jpg,BraTS-GLI-02864-100-seg_3.jpg
